Title,Author,Total Ratings,Original Price,Discounted Price,Category,Number of Reviews
কসমোজাহি,মোহাম্মদ নাজিম উদ্দিন,9,380.0,298.0,থ্রিলার,5
কন্ট্রোল,মোহাম্মদ নাজিম উদ্দিন,11,650.0,510.0,রহস্য ও গোয়েন্দা,7
ম্যালিস,কেইগো হিগাশিনো,3,400.0,314.0,"রহস্য, গোয়েন্দা, ভৌতিক, মিথ, থ্রিলার, ও অ্যাডভেঞ্চার: অনুবাদ ও ইংরেজি",4
উজিরে আজম,হাসান ইনাম,5,220.0,172.0,থ্রিলার,1
মৃত কৈটভ,সৌরভ চক্রবর্তী,,350.0,274.0,অতিপ্রাকৃত ও ভৌতিক,
শখের করাত,মার্যিউর রহমান চৌধুরী,2,200.0,157.0,থ্রিলার,1
আমায় ডেকো না ফেরানো যাবে না,এদোগাওয়া রানপো,,200.0,157.0,"রহস্য, গোয়েন্দা, ভৌতিক, মিথ, থ্রিলার, ও অ্যাডভেঞ্চার: অনুবাদ ও ইংরেজি",
অন্তর্দৃষ্টি,বিপাশা বাশার,2,200.0,157.0,থ্রিলার,No
হাতকড়া,সামসুল ইসলাম রুমি,2,260.0,204.0,থ্রিলার,2
অথবা হয়নি ঘুম বহুকাল,জুবায়ের ইবনে কামাল,5,220.0,172.0,অতিপ্রাকৃত ও ভৌতিক,4
দ্য প্যারাগন,তৌফির হাসান উর রাকিব,2,320.0,251.0,থ্রিলার,1
ক্রমশ অন্ধকার,বাপ্পী খান,,280.0,221.0,অতিপ্রাকৃত ও ভৌতিক,
ঐন্দ্রজালিক,সাহিল রহমান,4,360.0,282.0,প্যারাসাইকোলজিকাল উপন্যাস,4
বীরভূমির বজ্র রহস্য,রজত পাল,,420.0,329.0,থ্রিলার,
অনুলিপি,এদোগাওয়া রানপো,,200.0,157.0,"রহস্য, গোয়েন্দা, ভৌতিক, মিথ, থ্রিলার, ও অ্যাডভেঞ্চার: অনুবাদ ও ইংরেজি",
ক্রান্তি,বাপ্পী খান,,460.0,361.0,থ্রিলার,1
মাত্রা-জাতক,স্বর্ণেন্দু সাহা,1,180.0,141.0,অতিপ্রাকৃত ও ভৌতিক,No
অগোচরা,মোহাম্মদ নাজিম উদ্দিন,12,260.0,204.0,থ্রিলার,8
অন্তঃশীল,ইমতিয়াজ সজীব,,200.0,157.0,রহস্য ও গোয়েন্দা,
মিনিমালিস্ট ও ভেন্ট্রিলোকুইস্ট,মাশুদুল হক,,850.0,663.0,"রহস্য,গোয়েন্দা,ভৌতিক ও থ্রিলার কালেকশন",95
জাদুঘর সিরিজের ২টি বই কালেকশন,কিশোর পাশা ইমন,,1300.0,1020.0,"রহস্য,গোয়েন্দা,ভৌতিক ও থ্রিলার কালেকশন",13
হাতকড়া ও কাঠগড়া,সামসুল ইসলাম রুমি,,540.0,420.0,"রহস্য,গোয়েন্দা,ভৌতিক ও থ্রিলার কালেকশন",4
অক্টারিন ও অক্টারিন জগৎ: সবুজ,তানজীম রহমান,,1030.0,800.0,উপন্যাস কালেকশন,33
থ্রি এ এম,নিক পিরোগ,404,220.0,172.0,"রহস্য, গোয়েন্দা, ভৌতিক, মিথ, থ্রিলার, ও অ্যাডভেঞ্চার: অনুবাদ ও ইংরেজি",282
রবীন্দ্রনাথ এখানে কখনও - খেতে আসেননি,মোহাম্মদ নাজিম উদ্দিন,487,500.0,392.0,থ্রিলার,265
দ্য দা ভিঞ্চি কোড,ড্যান ব্রাউন,377,580.0,455.0,"রহস্য, গোয়েন্দা, ভৌতিক, মিথ, থ্রিলার, ও অ্যাডভেঞ্চার: অনুবাদ ও ইংরেজি",215
রবীন্দ্রনাথ এখানে কখনও আসেননি - ২,মোহাম্মদ নাজিম উদ্দিন,282,650.0,510.0,থ্রিলার,140
থ্রি : টেন এ এম,নিক পিরোগ,181,220.0,172.0,"রহস্য, গোয়েন্দা, ভৌতিক, মিথ, থ্রিলার, ও অ্যাডভেঞ্চার: অনুবাদ ও ইংরেজি",120
থ্রি : ফরটিসিক্স এ এম,নিক পিরোগ,152,220.0,172.0,"রহস্য, গোয়েন্দা, ভৌতিক, মিথ, থ্রিলার, ও অ্যাডভেঞ্চার: অনুবাদ ও ইংরেজি",78
থ্রি : টোয়েন্টিওয়ান এ এম ও থ্রি: থার্টিফোর এ এম,নিক পিরোগ,143,400.0,314.0,"রহস্য, গোয়েন্দা, ভৌতিক, মিথ, থ্রিলার, ও অ্যাডভেঞ্চার: অনুবাদ ও ইংরেজি",99
নেমেসিস,মোহাম্মদ নাজিম উদ্দিন,159,450.0,353.0,থ্রিলার,79
কন্ট্রাক্ট,মোহাম্মদ নাজিম উদ্দিন,154,550.0,431.0,থ্রিলার,60
কেউ কেউ কথা রাখে,মোহাম্মদ নাজিম উদ্দিন,123,480.0,376.0,রহস্য ও গোয়েন্দা,67
আমাজনিয়া,জেমস রলিন্স,178,580.0,455.0,"রহস্য, গোয়েন্দা, ভৌতিক, মিথ, থ্রিলার, ও অ্যাডভেঞ্চার: অনুবাদ ও ইংরেজি",101
কনফেশন,মোহাম্মদ নাজিম উদ্দিন,61,500.0,392.0,থ্রিলার,33
করাচি,মোহাম্মদ নাজিম উদ্দিন,70,500.0,392.0,থ্রিলার,36
ইনফার্নো,ড্যান ব্রাউন,118,600.0,470.0,"রহস্য, গোয়েন্দা, ভৌতিক, মিথ, থ্রিলার, ও অ্যাডভেঞ্চার: অনুবাদ ও ইংরেজি",49
নেক্সাস,মোহাম্মদ নাজিম উদ্দিন,82,550.0,431.0,থ্রিলার,38
অরিজিন,ড্যান ব্রাউন,109,600.0,470.0,থ্রিলার,53
দ্য লস্ট সিম্বল,ড্যান ব্রাউন,102,600.0,470.0,"রহস্য, গোয়েন্দা, ভৌতিক, মিথ, থ্রিলার, ও অ্যাডভেঞ্চার: অনুবাদ ও ইংরেজি",48
নেক্সট,মোহাম্মদ নাজিম উদ্দিন,51,650.0,510.0,থ্রিলার,15
ভেন্ট্রিলোকুইস্ট,মাশুদুল হক,107,300.0,235.0,থ্রিলার,71
১৯৫২ : নিছক কোন সংখ্যা নয়.....,মোহাম্মদ নাজিম উদ্দিন,79,650.0,510.0,থ্রিলার,47
ডিসেপশন পয়েন্ট,ড্যান ব্রাউন,74,500.0,392.0,"রহস্য, গোয়েন্দা, ভৌতিক, মিথ, থ্রিলার, ও অ্যাডভেঞ্চার: অনুবাদ ও ইংরেজি",27
জাল,মোহাম্মদ নাজিম উদ্দিন,71,380.0,298.0,থ্রিলার,38
দরিয়া-ই-নুর,মোহাম্মদ নাজিম উদ্দিন,27,200.0,157.0,রহস্য ও গোয়েন্দা,20
দ্য সাইলেন্স অব দি ল্যাম্বস্,মোহাম্মদ নাজিম উদ্দিন,65,450.0,353.0,থ্রিলার,35
ঢাবাকা,মোহাম্মদ নাজিম উদ্দিন,34,700.0,549.0,রহস্য ও গোয়েন্দা,14
রিটা হেওয়ার্থ অ্যান্ড শশাঙ্ক রিডেম্পশান,স্টিফেন কিং,38,220.0,172.0,অনুবাদ গল্প,23
দ্য পোয়েট,মাইকেল কনেলি,51,600.0,470.0,"রহস্য, গোয়েন্দা, ভৌতিক, মিথ, থ্রিলার, ও অ্যাডভেঞ্চার: অনুবাদ ও ইংরেজি",26
মিনিমালিস্ট,মাশুদুল হক,49,550.0,431.0,রহস্য ও গোয়েন্দা,24
অক্টারিন,তানজীম রহমান,61,550.0,431.0,থ্রিলার,33
গথ,অৎসুইশি,28,400.0,314.0,অতিপ্রাকৃত ও ভৌতিক,22
কনফেশন্স,কৌশিক জামান,53,300.0,235.0,"রহস্য, গোয়েন্দা, ভৌতিক, মিথ, থ্রিলার, ও অ্যাডভেঞ্চার: অনুবাদ ও ইংরেজি",37
দ্য গার্ল উইথ দি ড্রাগন ট্যাটু,মোহাম্মদ নাজিম উদ্দিন,40,500.0,392.0,"রহস্য, গোয়েন্দা, ভৌতিক, মিথ, থ্রিলার, ও অ্যাডভেঞ্চার: অনুবাদ ও ইংরেজি",18
দ্য এইট,মোহাম্মদ নাজিম উদ্দিন,30,600.0,470.0,থ্রিলার,14
চন্দ্রহাস,সৌরভ চক্রবর্তী,58,350.0,274.0,থ্রিলার,36
রহস্যের ব্যবচ্ছেদ অথবা হিরণ্ময় নীরবতা,মোহাম্মদ নাজিম উদ্দিন,15,400.0,314.0,অতিপ্রাকৃত ও ভৌতিক উপন্যাস,5
দ্য ডে অব দি জ্যাকেল,মোহাম্মদ নাজিম উদ্দিন,25,300.0,235.0,অনুবাদ উপন্যাস,12
অন্ধ জাদুকর,শরীফুল হাসান,23,380.0,298.0,থ্রিলার,14
জু,অৎসুইশি,9,400.0,314.0,"রহস্য, গোয়েন্দা, ভৌতিক, মিথ, থ্রিলার, ও অ্যাডভেঞ্চার: অনুবাদ ও ইংরেজি",9
দ্য মিস্ট,স্টিফেন কিং,16,180.0,141.0,"রহস্য, গোয়েন্দা, ভৌতিক, মিথ, থ্রিলার, ও অ্যাডভেঞ্চার: অনুবাদ ও ইংরেজি",10
গিলগামেশ,জাহিদ হোসেন,34,700.0,549.0,রহস্য ও গোয়েন্দা,18
ঋভু,শরীফুল হাসান,35,240.0,188.0,থ্রিলার,23
তিন বাহু দশ মুখ,অনির্বাণ মুখার্জী,28,440.0,345.0,থ্রিলার,13
দ্য গার্ল অন দি ট্রেন,পলা হকিন্স,19,340.0,267.0,অনুবাদ উপন্যাস,9
জাদুঘর পাতা আছে এই এখানে,কিশোর পাশা ইমন,35,650.0,510.0,থ্রিলার,8
মিথস্ক্রিয়া,কিশোর পাশা ইমন,44,440.0,345.0,থ্রিলার,29
ঢাকায় ফাগুন,হাসান ইনাম,27,300.0,235.0,প্যারাসাইকোলজিকাল উপন্যাস,15
আইরিন,পিয়ের লেমেইত,25,400.0,314.0,"রহস্য, গোয়েন্দা, ভৌতিক, মিথ, থ্রিলার, ও অ্যাডভেঞ্চার: অনুবাদ ও ইংরেজি",15
আর্কন,তানজীম রহমান,25,500.0,392.0,থ্রিলার,16
ঈশ্বরের মুখোশ,জাহিদ হোসেন,16,260.0,204.0,রহস্য ও গোয়েন্দা,9
দশগ্রীব,সিদ্দিক আহমেদ,24,440.0,345.0,সমকালীন উপন্যাস,18
দ্য ড্রেসডেন ফাইল্‌স : স্টর্ম ফ্রন্ট,তানজিম রহমান,16,350.0,274.0,থ্রিলার,8
বাজিকর,নাবিল মুহতাসিম,21,280.0,220.0,থ্রিলার,15
আই অ্যাম পিলগ্রিম,শাহেদ জামান,25,800.0,627.0,"রহস্য, গোয়েন্দা, ভৌতিক, মিথ, থ্রিলার, ও অ্যাডভেঞ্চার: অনুবাদ ও ইংরেজি",18
ড্রেসডেন ফাইল্‌স: গ্রেভ পেরিল,জিম বুচার,7,280.0,220.0,"রহস্য, গোয়েন্দা, ভৌতিক, মিথ, থ্রিলার, ও অ্যাডভেঞ্চার: অনুবাদ ও ইংরেজি",8
ছারপোকা (দ্য ব্যাটল অভ মাহেন্দ্রপুর),কিশোর পাশা ইমন,34,500.0,392.0,থ্রিলার,8
ছায়া সময়,শরীফুল হাসান,34,450.0,353.0,সমকালীন উপন্যাস,18
নিখোঁজকাব্য,সালমান হক,17,220.0,172.0,থ্রিলার,15
ডেথ মাস্কস : ড্রেসডেন ফাইলস,জিম বুচার,7,500.0,392.0,অনুবাদ সায়েন্স ফিকশন,3
আঁধারের যাত্রী,শরীফুল হাসান,24,350.0,274.0,রহস্য ও গোয়েন্দা,10
একজোড়া চোখ খোঁজে আরেক জোড়া চোখকে,জাহিদ হোসেন,13,140.0,110.0,অতিপ্রাকৃত ও ভৌতিক,5
চন্দ্রহাস ২ মহাকাল,সৌরভ চক্রবর্তী,7,450.0,353.0,থ্রিলার,2
হার না মানা অন্ধকার,বাপ্পী খান,32,150.0,118.0,থ্রিলার,17
আধিব্যাধি,তৌফির হাসান উর রাকিব,5,340.0,267.0,থ্রিলার,4
বাজি,নাবিল মুহতাসিম,18,340.0,267.0,থ্রিলার,9
যে হীরকখণ্ডে ঘুমিয়ে কুকুরদল,কিশোর পাশা ইমন,39,450.0,353.0,সমকালীন উপন্যাস,14
শ্বাপদ সনে,নাবিল মুহতাসিম,20,200.0,157.0,থ্রিলার,19
দ্য ব্ল্যাক একো,মাইকেল কনেলি,12,600.0,470.0,"রহস্য, গোয়েন্দা, ভৌতিক, মিথ, থ্রিলার, ও অ্যাডভেঞ্চার: অনুবাদ ও ইংরেজি",5
তিন ডাহুক,সালমান হক,17,260.0,204.0,থ্রিলার,10
বাজিমাত,নাবিল মুহতাসিম,10,450.0,353.0,থ্রিলার,3
দেবীরাক্ষস,সৌরভ চক্রবর্তী,5,350.0,274.0,"রহস্য, গোয়েন্দা, ভৌতিক, মিথ, থ্রিলার, ও অ্যাডভেঞ্চার: অনুবাদ ও ইংরেজি",1
ঘিরে থাকা অন্ধকার,বাপ্পী খান,15,250.0,196.0,থ্রিলার,6
ফিনিক্স,জাহিদ হোসেন,16,270.0,212.0,থ্রিলার,9
বিভং,নাবিল মুহতাসিম,12,300.0,235.0,সায়েন্স ফিকশন,8
পিপীলিকার ডানা,সিদ্দিক আহমেদ,5,300.0,235.0,থ্রিলার,1
সপ্তশ,সালেহ তিয়াস,10,130.0,102.0,থ্রিলার,10
আউট,নাতসুয়ো কিরিনো,9,600.0,470.0,অনুবাদ উপন্যাস,4
অনার্য দেব,আলী ওয়াহাব সৌহার্দ্য,10,750.0,588.0,থ্রিলার,6
এইখানে জাদুঘর পাতা আমাদের,কিশোর পাশা ইমন,12,650.0,510.0,থ্রিলার,2
ড্রেসডেন ফাইলস: সামার নাইট,জিম বুচার,4,400.0,314.0,"রহস্য, গোয়েন্দা, ভৌতিক, মিথ, থ্রিলার, ও অ্যাডভেঞ্চার: অনুবাদ ও ইংরেজি",3
হ্যানিবাল,টমাস হ্যারিস,8,480.0,376.0,অতিপ্রাকৃত ও ভৌতিক,4
যুগলবন্দি,কিশোর পাশা ইমন,18,220.0,172.0,থ্রিলার,2
হোম বিফোর ডার্ক,রাইলি স্যাগার,10,500.0,392.0,"রহস্য, গোয়েন্দা, ভৌতিক, মিথ, থ্রিলার, ও অ্যাডভেঞ্চার: অনুবাদ ও ইংরেজি",6
অডিশন,রিউ মুরাকামি,7,220.0,172.0,"রহস্য, গোয়েন্দা, ভৌতিক, মিথ, থ্রিলার, ও অ্যাডভেঞ্চার: অনুবাদ ও ইংরেজি",2
আবার আওলাদ মিয়ার ভাতের হোটেল,নিয়াজ মেহেদী,2,280.0,220.0,সমকালীন উপন্যাস,2
পিদিম (প্রথম সংখ্যা),মোহাম্মদ নাজিম উদ্দিন,11,360.0,282.0,সাহিত্য ম্যাগাজিন: বিশেষ সংস্করণ,3
ফাইট ক্লাব,চাক পালানিউক,18,200.0,157.0,"রহস্য, গোয়েন্দা, ভৌতিক, মিথ, থ্রিলার, ও অ্যাডভেঞ্চার: অনুবাদ ও ইংরেজি",8
মেটামরফিক নিশীথে,আলী ওয়াহাব সৌহার্দ্য,6,220.0,172.0,থ্রিলার,5
অক্টারিন জগৎ: সবুজ,তানজীম রহমান,1,480.0,376.0,সমকালীন উপন্যাস,No
ব্লাড ওয়ার্ক,মাইকেল কনেলি,11,550.0,431.0,"রহস্য, গোয়েন্দা, ভৌতিক, মিথ, থ্রিলার, ও অ্যাডভেঞ্চার: অনুবাদ ও ইংরেজি",5
হিমঘুম,বাপ্পী খান,9,500.0,392.0,রহস্য ও গোয়েন্দা,5
পুরাণ ও জ্যোতির্বিজ্ঞান,শাহ্‌নাজ পান্না,11,300.0,235.0,মহাকাশ বিজ্ঞান ও জ্যোতির্বিদ্যা,2
আর আমি হবো ধ্বংসতারা,তানজীম রহমান,13,400.0,314.0,থ্রিলার,7
সেকেন্ডের ভগ্নাংশ,শারমিন রহমান,1,200.0,157.0,সমকালীন গল্প,2
চৌথুপীর চর্যাপদ,প্রীতম বসু,5,650.0,510.0,থ্রিলার ও অ্যাডভেঞ্চার উপন্যাস,3
উদ্ভব লিঙ্গ,সৌরভ চক্রবর্তী,1,450.0,353.0,প্যারাসাইকোলজিকাল উপন্যাস,1
নিষাদ অরণ্য,সরওয়ার পাঠান,1,250.0,196.0,জীবনী ও স্মৃতিচারণ: বিবিধ,1
অস্পৃশ্যতা,নজরুল ইসলাম,7,250.0,196.0,থ্রিলার,3
একটা গোপন কথা ছিল বলবার,সালমা সিদ্দিকা,6,180.0,141.0,থ্রিলার,3
দ্য হেলবাউন্ড হার্ট,ক্লাইভ বার্কের,5,200.0,157.0,"রহস্য, গোয়েন্দা, ভৌতিক, মিথ, থ্রিলার, ও অ্যাডভেঞ্চার: অনুবাদ ও ইংরেজি",No
পার্পেচুয়াল আতঙ্ক,মোহাম্মদ সাইফূল ইসলাম,2,360.0,282.0,সায়েন্স ফিকশন,2
মাটিতে ফুটে আছে ক্লাস্টার ফুল,মোহতাসিম হাদী রাফী,4,220.0,172.0,সমকালীন উপন্যাস,No
প্রজাপতি বসে আছে মাত্রায়,তানজিরুল ইসলাম,15,260.0,204.0,সায়েন্স ফিকশন,10
কাঠগড়া,সামসুল ইসলাম রুমি,6,280.0,220.0,থ্রিলার,2
জনারন্যে একা কয়েকজন,শরীফুল হাসান,21,250.0,196.0,সমকালীন উপন্যাস,12
এন. এবং ইন দ্য টল গ্রাস,স্টিফেন কিং,10,200.0,157.0,"রহস্য, গোয়েন্দা, ভৌতিক, মিথ, থ্রিলার, ও অ্যাডভেঞ্চার: অনুবাদ ও ইংরেজি",5
আঁধারের জানালাটা খোলা,সুস্ময় সুমন,18,110.0,86.0,সমকালীন উপন্যাস,9
অ্যা কিলার্স মাইন্ড,মাইক ওমর,3,400.0,314.0,"রহস্য, গোয়েন্দা, ভৌতিক, মিথ, থ্রিলার, ও অ্যাডভেঞ্চার: অনুবাদ ও ইংরেজি",2
বেঁচে থাকার গুজব,জুবায়ের ইবনে কামাল,4,220.0,172.0,থ্রিলার,3
লকডাউন : এস্কেপ ফ্রম দ্য ফার্নেস সিরিজ #১,অ্যালেকজান্ডার গর্ডন স্মিথ,6,300.0,235.0,অনুবাদ সায়েন্স ফিকশন,3
আলবা নেরা,তানিয়া সুলতানা,11,320.0,251.0,থ্রিলার,8
প্রলয়,সালমান হক,1,200.0,157.0,"শিশু-কিশোর: রহস্য, গোয়েন্দা, ভৌতিক, থ্রিলার ও অ্যাডভেঞ্চার",1
ত্রাশন,নাবিল মুহতাসিম,1,400.0,314.0,সমকালীন উপন্যাস,No
দ্য বয় অ্যাট দি টপ অফ দি মাউন্টেইন,জন বয়েন,11,220.0,172.0,বয়স যখন ১২-১৭: উপন্যাস,7
আসছে অন্ধকার,বাপ্পী খান,3,280.0,220.0,থ্রিলার,No
বেয়াত্রিচ,তানিয়া সুলতানা,7,200.0,157.0,থ্রিলার,2
ছোবল,সরওয়ার পাঠান,,300.0,235.0,জীবনী ও স্মৃতিচারণ: বিবিধ,
কহশিমিয়ান আগমন,নেওয়াজ নাবিদ,3,380.0,298.0,"রহস্য, গোয়েন্দা, ভৌতিক, মিথ, থ্রিলার, ও অ্যাডভেঞ্চার: অনুবাদ ও ইংরেজি",1
যে ছিলো অন্তরালে,সুস্ময় সুমন,8,220.0,172.0,থ্রিলার,4
নিনাদ,বাপ্পী খান,4,580.0,455.0,রহস্য ও গোয়েন্দা,1
যেখানে সময় থমকে যায়,আবিদ হোসেন জয়,7,300.0,235.0,সমকালীন উপন্যাস,4
রহস্য যত বাকি,শফিকুল ইসলাম,2,300.0,235.0,সমকালীন উপন্যাস,1
অবৈজ্ঞানিক কল্পকাহিনী,কিশোর পাশা ইমন,,400.0,314.0,সায়েন্স ফিকশন,
হারুকি মুরাকামি,মুহসীন মোসাদ্দেক,,340.0,267.0,সমকালীন গল্প,
ভ্রম সমীকরন,মোহাইমিনুল ইসলাম বাপ্পী,2,200.0,157.0,শিশু-কিশোর: সায়েন্স ফিকশন,2
ঢাকায় যেভাবে ফাগুন এলো,হাসান ইনাম,3,200.0,157.0,প্যারাসাইকোলজিকাল উপন্যাস,2
রসরত্নাকর,রজত পাল,,420.0,329.0,সমকালীন উপন্যাস,
দ্য ফ্যামিলি আপস্টেয়ার্স,লিসা জুয়েল,,400.0,314.0,থ্রিলার,1
নিত্য মাইডাস,সাঈদ শিহাব,1,180.0,141.0,থ্রিলার,1
রাশোমন ও অন্যান্য গল্প,আকুতাগাওয়া রিউনোসুকে,,180.0,141.0,অনুবাদ গল্প,
ওডিনের শেষ দিন,নজরুল ইসলাম,,200.0,157.0,"শিশু-কিশোর: রহস্য, গোয়েন্দা, ভৌতিক, থ্রিলার ও অ্যাডভেঞ্চার",
ফ্যান্টাস্টিক ভয়েজ,আইজ্যাক আসিমভ,,780.0,612.0,অনুবাদ সায়েন্স ফিকশন,
পেন্ডুলাম,মোহাম্মদ নাজিম উদ্দিন,42,450.0,353.0,থ্রিলার,36
আওলাদ মিয়ার ভাতের হোটেল,নিয়াজ মেহেদী,19,200.0,157.0,সমকালীন উপন্যাস,13
নিক পিরোগ থ্রি এ এম সিরিজ,নিক পিরোগ,134,1060.0,827.0,"রহস্য, গোয়েন্দা, ভৌতিক, মিথ, থ্রিলার, ও অ্যাডভেঞ্চার: অনুবাদ ও ইংরেজি",658
ধনুর্ধর,সিদ্দিক আহমেদ,17,360.0,282.0,থ্রিলার,13
অ্যালেক্স,পিয়ের লেমেইত,14,450.0,353.0,"রহস্য, গোয়েন্দা, ভৌতিক, মিথ, থ্রিলার, ও অ্যাডভেঞ্চার: অনুবাদ ও ইংরেজি",8
মৃগতৃষা,কিশোর পাশা ইমন,34,500.0,392.0,থ্রিলার,11
দ্য ড্রেসডেন ফাইল্‌স: ফুলমুন,তানজীম রহমান,5,270.0,212.0,"রহস্য, গোয়েন্দা, ভৌতিক, মিথ, থ্রিলার, ও অ্যাডভেঞ্চার: অনুবাদ ও ইংরেজি",5
বেগ-বাস্টার্ড সিরিজ,মোহাম্মদ নাজিম উদ্দিন,49,3850.0,3010.0,"রহস্য,গোয়েন্দা,ভৌতিক ও থ্রিলার কালেকশন",302
ক্যামিল,পিয়ের লেমেইত,6,450.0,353.0,"রহস্য, গোয়েন্দা, ভৌতিক, মিথ, থ্রিলার, ও অ্যাডভেঞ্চার: অনুবাদ ও ইংরেজি",1
কেটে যাক অন্ধকার,বাপ্পী খান,7,350.0,274.0,থ্রিলার,3
কাদ্যুসেয়াস,জাহিদ হোসেন,12,270.0,212.0,থ্রিলার,8
অপার্থিব,সুস্ময় সুমন,11,150.0,118.0,থ্রিলার ও অ্যাডভেঞ্চার উপন্যাস,8
কহশিমিয়ান,নেওয়াজ নাবিদ,11,220.0,172.0,থ্রিলার,5
অমানব,তানজিরুল ইসলাম,13,120.0,94.0,সায়েন্স ফিকশন,5
আঁধারের গহীন নিরুদ্দেশে,ওয়াসি আহমেদ,13,250.0,196.0,সমকালীন উপন্যাস,13
হিট ওয়েভ,রিচার্ড ক্যাসেল,13,230.0,180.0,"রহস্য, গোয়েন্দা, ভৌতিক, মিথ, থ্রিলার, ও অ্যাডভেঞ্চার: অনুবাদ ও ইংরেজি",6
লোলার জগৎ,মোহাম্মদ সাইফূল ইসলাম,6,400.0,314.0,সায়েন্স ফিকশন,1
শঙ্খরঙা জল,তানিয়া সুলতানা,7,180.0,141.0,সমকালীন উপন্যাস,5
ল্যাবিরিন্থ,কেট মস,8,580.0,455.0,অনুবাদ উপন্যাস,2
সিসিফাসে বন্দি,তানিয়া সুলতানা,7,200.0,157.0,থ্রিলার,5
দ্য হিট,ডেভিড বালডাচি,6,500.0,392.0,"রহস্য, গোয়েন্দা, ভৌতিক, মিথ, থ্রিলার, ও অ্যাডভেঞ্চার: অনুবাদ ও ইংরেজি",3
জলতরঙ্গ,হাসান ইনাম,13,520.0,408.0,থ্রিলার,2
ডিসটোপিয়া,কিশোর পাশা ইমন,9,280.0,220.0,"শিশু-কিশোর: রহস্য, গোয়েন্দা, ভৌতিক, থ্রিলার ও অ্যাডভেঞ্চার",2
একটি খুনের নেপথ্যে,নজরুল ইসলাম,10,250.0,196.0,থ্রিলার,6
মারিবার হলো তার সাধ,সুস্ময় সুমন,6,200.0,157.0,থ্রিলার,4
ডেড হিট,জেমস প্যাটারসন,,140.0,110.0,"রহস্য, গোয়েন্দা, ভৌতিক, মিথ, থ্রিলার, ও অ্যাডভেঞ্চার: অনুবাদ ও ইংরেজি",
মনসা,শাহ্‌নাজ পান্না,4,200.0,157.0,থ্রিলার,3
কিয়নগজি ১০০ দিন,গোলাম কিবরিয়া,7,340.0,267.0,থ্রিলার,4
আদিম প্রবৃত্তি,আমের আহমেদ,3,160.0,125.0,সায়েন্স ফিকশন,1
নির্বাচিত একেনবাবু,সুজন দাশগুপ্ত,1,350.0,274.0,"রহস্য, ভৌতিক, থ্রিলার ও অ্যাডভেঞ্চার সমগ্র/সংকলন",1
ক্ষ্যাপা,বাপ্পী খান,9,150.0,118.0,মুক্তিযুদ্ধের উপন্যাস,5
বাকি সব পার্শ্বচরিত্র,মারুফ আল-আমিন,2,300.0,235.0,"শিশু-কিশোর: রহস্য, গোয়েন্দা, ভৌতিক, থ্রিলার ও অ্যাডভেঞ্চার",1
শেষ পাণ্ডুলিপি,নজরুল ইসলাম,5,300.0,235.0,থ্রিলার,2
মৃত্যুকল্প,ইশরাক অর্ণব,3,260.0,204.0,"শিশু-কিশোর: রহস্য, গোয়েন্দা, ভৌতিক, থ্রিলার ও অ্যাডভেঞ্চার",2
ট্রিপি,তুহিন রহমান,10,180.0,141.0,সায়েন্স ফিকশন,6
সময়িন্দ্রজাল,সামসুল ইসলাম রুমি,14,420.0,329.0,রহস্য ও গোয়েন্দা,7
মৃত্যু দিয়ে ভরা চাঁদ,শাহেদ জামান,4,200.0,157.0,সমকালীন উপন্যাস,3
শিখণ্ডী কথা,আনন জামান,,150.0,118.0,সমকালীন উপন্যাস,1
দানব,পলাশ পুরকায়স্থ,4,150.0,118.0,"রহস্য, গোয়েন্দা, ভৌতিক, মিথ, থ্রিলার, ও অ্যাডভেঞ্চার: অনুবাদ ও ইংরেজি",3
রক্ষক,শানারেই দেবী শানু,,250.0,196.0,অতিপ্রাকৃত ও ভৌতিক,
পথের ধুলো,তানিয়া সুলতানা,3,220.0,172.0,সমকালীন উপন্যাস,No
আমার অচেনা আমি,সামসুল ইসলাম রুমি,5,350.0,274.0,থ্রিলার,3
নৃসংশয়,তানিয়া সুলতানা,5,180.0,141.0,সমকালীন উপন্যাস,1
পৃথিবীর প্রাচীন প্রান্তরে,তানিয়া সুলতানা,,220.0,172.0,সমকালীন উপন্যাস,
মলয় বাতাসে,ইমতিয়াজ সজীব,3,240.0,188.0,সমকালীন উপন্যাস,1
বিসর্জনের দ্বিতীয় সত্তা,বাপ্পী খান,2,150.0,118.0,সমকালীন উপন্যাস,1
ড্রেসডেন সিরিজ,তানজীম রহমান,,900.0,700.0,"রহস্য,গোয়েন্দা,ভৌতিক ও থ্রিলার কালেকশন",21
স্ট্যাচু অব লিবার্টির দেশে,মশিউর রহমান,,200.0,157.0,আমেরিকা ভ্রমণ,
রুদ্ধতায়,তানজিরুল ইসলাম,,300.0,235.0,সায়েন্স ফিকশন,
নড়া চড়া করে ঘুন পোঁকাটা,মিঠুন কুমার সমাদ্দার,1,100.0,78.0,বাংলা কবিতা,No
কিচেন,বানানা ইয়াশিমোতো,,200.0,157.0,সমকালীন উপন্যাস,
আদিম অন্ধকার,স্বর্ণেন্দু সাহা,,150.0,118.0,"শিশু-কিশোর: রহস্য, গোয়েন্দা, ভৌতিক, থ্রিলার ও অ্যাডভেঞ্চার",
হয় মৃত্যু না হয় কবিতা,মারুফ হাসান প্রত্যয়,,200.0,157.0,বাংলা কবিতা,
ভূমিহীন দ্বীপ,তানজীর সৌরভ,,180.0,141.0,বাংলা কবিতা,
অ্যাস্লিপ,বানানা ইয়াশিমোতো,,240.0,188.0,অনুবাদ উপন্যাস,
একটা শহর ঘাস হয়ে যাক,তানিয়া সুলতানা,,200.0,157.0,বাংলা কবিতা,
আওলাদ মিয়ার ভাতের হোটেল ২টি বই কালেকশন,নিয়াজ মেহেদী,,480.0,376.0,উপন্যাস কালেকশন,15
মোহাম্মদ নাজিম উদ্দিন এর রবীন্দ্রনাথ থ্রিলার সিরিজ,মোহাম্মদ নাজিম উদ্দিন,19,1150.0,900.0,থ্রিলার,412
দ্য বয় ইন দি স্ট্রাইপ্‌ড পাজামাস,সালমান হক,80,160.0,120.0,বয়স যখন ১২-১৭: উপন্যাস,44
দ্য ডিভোশন অব সাসপেক্ট এক্স,সালমান হক,67,350.0,274.0,"রহস্য, গোয়েন্দা, ভৌতিক, মিথ, থ্রিলার, ও অ্যাডভেঞ্চার: অনুবাদ ও ইংরেজি",36
নরওয়েজিয়ান উড,কৌশিক জামান,49,380.0,298.0,অনুবাদ উপন্যাস,26
স্যালভেশন অফ আ সেইন্ট,কেইগো হিগাশিনো,33,450.0,338.0,"রহস্য, গোয়েন্দা, ভৌতিক, মিথ, থ্রিলার, ও অ্যাডভেঞ্চার: অনুবাদ ও ইংরেজি",15
গডফাদার,মারিও পূজো,50,340.0,267.0,"রহস্য, গোয়েন্দা, ভৌতিক, মিথ, থ্রিলার, ও অ্যাডভেঞ্চার: অনুবাদ ও ইংরেজি",20
দ্য শাইনিং,স্টিফেন কিং,30,300.0,225.0,অতিপ্রাকৃত ও ভৌতিক উপন্যাস,15
থৃ মিসটেকস অব মাই লাইফ,চেতন ভগত,29,230.0,161.0,অনুবাদ উপন্যাস,21
দ্য লাস্ট টেম্পলার,রেমন্ড খাওরি,29,300.0,235.0,থ্রিলার ও অ্যাডভেঞ্চার উপন্যাস,13
মেঘ বিষাদের গল্প,শরীফুল হাসান,22,220.0,172.0,সমকালীন উপন্যাস,18
থৃলার গল্প সংকলন-২,মোহাম্মদ নাজিম উদ্দিন,15,250.0,185.0,থ্রিলার ও অ্যাডভেঞ্চার গল্প,6
থৃলার গল্প সংকলন,মোহাম্মদ নাজিম উদ্দিন,14,220.0,154.0,থ্রিলার,8
স্যালাম্যান্ডার জিন,মাশুদুল হক,20,180.0,141.0,সায়েন্স ফিকশন,12
থৃলার গল্পসঙ্কলন -৪,মোহাম্মদ নাজিম উদ্দিন,9,340.0,267.0,থ্রিলার,3
রেড ড্রাগন,টমাস হ্যারিস,13,320.0,251.0,"রহস্য, গোয়েন্দা, ভৌতিক, মিথ, থ্রিলার, ও অ্যাডভেঞ্চার: অনুবাদ ও ইংরেজি",11
থৃলার গল্পসঙ্কলন-৩,মোহাম্মদ নাজিম উদ্দিন,14,280.0,220.0,"রহস্য, ভৌতিক, থ্রিলার ও অ্যাডভেঞ্চার সমগ্র/সংকলন",5
অন্ধ জাদুকর : প্রলয় হুঙ্কার,শরীফুল হাসান,8,340.0,267.0,থ্রিলার,5
পেট সেমেটারি,স্টিফেন কিং,17,480.0,376.0,অতিপ্রাকৃত ও ভৌতিক,6
নো ইজি ডে,মোহাম্মদ নাজিম উদ্দিন,13,220.0,165.0,পেশাগত স্মৃতিচারণ ও অভিজ্ঞতা,6
নেমেসিস,আইজ্যাক আসিমভ,9,440.0,345.0,অনুবাদ সায়েন্স ফিকশন,5
এলাইজা: একটি অর্থহীন কাহিনী,লুৎফুল কায়সার,4,340.0,255.0,সমকালীন উপন্যাস,2
আফটার ডার্ক,ওয়াসি আহমেদ,6,220.0,154.0,অনুবাদ উপন্যাস,5
তমিস্রা,জাবেদ রাসিন,17,250.0,175.0,থ্রিলার,16
দ্য গার্ল হু প্লেইড উইথ ফায়ার,স্টিগ লারসন,6,350.0,245.0,থ্রিলার,1
অবয়ব,তানজীম রহমান,10,300.0,235.0,থ্রিলার,6
একটা গল্প শুনবেন?,তানভীর আহমেদ সৃজন,12,450.0,353.0,থ্রিলার,4
অসূয়া,জাবেদ রাসিন,13,140.0,98.0,থ্রিলার,10
ব্ল্যাকগেট,জাবেদ রাসিন,10,220.0,154.0,থ্রিলার ও অ্যাডভেঞ্চার উপন্যাস,8
অন্য ভুবনের গল্প,মোহাম্মদ নাজিম উদ্দিন,3,320.0,224.0,"রহস্য, ভৌতিক, থ্রিলার ও অ্যাডভেঞ্চার সমগ্র/সংকলন",1
সিক্স স্যাকরেড স্টোনস,ম্যাথিউ রাইলি,10,240.0,168.0,অনুবাদ উপন্যাস,5
দ্য কনফেসর,মোহাম্মদ নাজিম উদ্দিন,7,240.0,168.0,থ্রিলার,1
আরোহী অন্ধ প্রহর,রবিন জামান খান,3,200.0,140.0,থ্রিলার,2
কট,তানজিম রহমান,9,200.0,140.0,থ্রিলার,6
পয়েন্টস অ্যান্ড লাইন্স,সেইচো মাতসুমোতো,7,200.0,157.0,"রহস্য, গোয়েন্দা, ভৌতিক, মিথ, থ্রিলার, ও অ্যাডভেঞ্চার: অনুবাদ ও ইংরেজি",6
রাত্রি শেষের গান,শরীফুল হাসান,15,150.0,118.0,থ্রিলার,10
নিছক গল্প কিংবা আখ্যান,মোহাম্মদ নাজিম উদ্দিন,5,300.0,210.0,থ্রিলার,4
এভাবেও ফিরে আসা যায়,মোহাইমিনুল ইসলাম বাপ্পী,6,200.0,157.0,সায়েন্স ফিকশন,6
পাপপিঞ্জর,আমের আহমেদ,21,480.0,376.0,অতিপ্রাকৃত ও ভৌতিক উপন্যাস,11
প্রতিচ্ছায়ারা জেগে থাকে,শরীফুল হাসান,7,240.0,188.0,অতিপ্রাকৃত ও ভৌতিক,2
দিন শেষে/কেটজালকোয়াটল ও সৃষ্টিবিনাশ রহস্য,তানজীম রহমান,13,170.0,128.0,থ্রিলার,6
ডার্কলি ড্রিমিং ডেক্সটার,শরীফুল হাসান,12,200.0,140.0,থ্রিলার,4
শূন্যবিন্দু,মোহাইমিনুল ইসলাম বাপ্পী,7,200.0,157.0,সায়েন্স ফিকশন,3
ফাইভ গ্রেটেস্ট ওয়ারিওর্স,ম্যাথিউ রাইলি,8,240.0,168.0,থ্রিলার ও অ্যাডভেঞ্চার উপন্যাস,2
রেভুল্যুশন ২০২০,চেতন ভগত,12,240.0,168.0,অনুবাদ উপন্যাস,3
ফায়ারফক্স,মোহাম্মদ নাজিম উদ্দিন,4,240.0,168.0,থ্রিলার,No
ফোরটি এইট আওয়ার্স,রবিন জামান খান,10,200.0,140.0,থ্রিলার,13
বর্ন আইডেন্টিটি,মোহাম্মদ নাজিম উদ্দিন,6,350.0,245.0,থ্রিলার,1
হেডহান্টারস,জো নেসবো,6,300.0,210.0,"রহস্য, গোয়েন্দা, ভৌতিক, মিথ, থ্রিলার, ও অ্যাডভেঞ্চার: অনুবাদ ও ইংরেজি",7
ফার্স্ট ফ্যামিলি,ডেভিড বালডাচি,9,380.0,266.0,"রহস্য, গোয়েন্দা, ভৌতিক, মিথ, থ্রিলার, ও অ্যাডভেঞ্চার: অনুবাদ ও ইংরেজি",10
নিশাচর,বাপ্পী খান,8,140.0,110.0,সমকালীন উপন্যাস,4
লোশক,সালেহ আহমেদ মুবিন,14,150.0,105.0,অতিপ্রাকৃত ও ভৌতিক,5
চেজ,জেমস প্যাটারসন,6,120.0,84.0,"রহস্য, গোয়েন্দা, ভৌতিক, মিথ, থ্রিলার, ও অ্যাডভেঞ্চার: অনুবাদ ও ইংরেজি",1
নেভারহোয়্যার,নিল গেইম্যান,13,320.0,251.0,"রহস্য, গোয়েন্দা, ভৌতিক, মিথ, থ্রিলার, ও অ্যাডভেঞ্চার: অনুবাদ ও ইংরেজি",9
দ্য গার্ল হু কিকড দ্য হর্নেস্ট’স নেস্ট,স্টিগ লারসন,5,650.0,455.0,"রহস্য, গোয়েন্দা, ভৌতিক, মিথ, থ্রিলার, ও অ্যাডভেঞ্চার: অনুবাদ ও ইংরেজি",4
ট্র্যাশ,অ্যান্ডি মুলিগান,5,220.0,172.0,অনুবাদ উপন্যাস,5
দ্য ব্রিদিং মেথড,স্টিফেন কিং,13,200.0,157.0,অনুবাদ উপন্যাস,4
টেল নো ওয়ান,হারলান কোবেন,7,320.0,224.0,"রহস্য, গোয়েন্দা, ভৌতিক, মিথ, থ্রিলার, ও অ্যাডভেঞ্চার: অনুবাদ ও ইংরেজি",7
দ্য কোবরা,ফ্রেডরিক ফরসাইথ,5,240.0,168.0,"রহস্য, গোয়েন্দা, ভৌতিক, মিথ, থ্রিলার, ও অ্যাডভেঞ্চার: অনুবাদ ও ইংরেজি",5
অরফান এক্স,কিশোর পাশা ইমন,11,320.0,224.0,রহস্য ও গোয়েন্দা,4
ডাবল ঈগল,জেম্‌স টোয়াইনিং,9,240.0,168.0,থ্রিলার,3
দ্য সার্জন,টেস গেরিটসেন,8,350.0,245.0,অনুবাদ উপন্যাস,5
দ্য ওডেসা ফাইল,মোহাম্মদ নাজিম উদ্দিন,12,200.0,140.0,অনুবাদ উপন্যাস,4
স্লামডগ মিলিয়নেয়ার,মোহাম্মদ নাজিম উদ্দিন,12,200.0,140.0,থ্রিলার ও অ্যাডভেঞ্চার উপন্যাস,4
বর্ন আলটিমেটাম,রবার্ট লুডলাম,6,400.0,280.0,থ্রিলার,No
চন্দ্রাহত,জাবেদ রাসিন,3,140.0,104.0,রহস্য ও গোয়েন্দা,3
অ্যালং কেইম অ্যা স্পাইডার,রবিন জামান খান,5,240.0,168.0,"রহস্য, গোয়েন্দা, ভৌতিক, মিথ, থ্রিলার, ও অ্যাডভেঞ্চার: অনুবাদ ও ইংরেজি",2
সময়ের সিঁড়ি বেয়ে একটি বুলেট,জাবেদ রাসিন,6,200.0,120.0,সমকালীন উপন্যাস,6
বর্ন সুপৃমেসি,রবার্ট লুডলাম,3,320.0,224.0,থ্রিলার,1
মেইজ অব বোনস,শরীফুল হাসান,6,180.0,126.0,থ্রিলার ও অ্যাডভেঞ্চার উপন্যাস,2
ডাবল ইনডেমনিটি,তানজিরুল ইসলাম,3,150.0,118.0,"রহস্য, গোয়েন্দা, ভৌতিক, মিথ, থ্রিলার, ও অ্যাডভেঞ্চার: অনুবাদ ও ইংরেজি",1
জার অব হার্টস,জেনিফার হিলিয়ার,3,400.0,300.0,"রহস্য, গোয়েন্দা, ভৌতিক, মিথ, থ্রিলার, ও অ্যাডভেঞ্চার: অনুবাদ ও ইংরেজি",2
কন্ট্রাক্ট উইথ গড,শরীফুল হাসান,11,250.0,175.0,"রহস্য, গোয়েন্দা, ভৌতিক, মিথ, থ্রিলার, ও অ্যাডভেঞ্চার: অনুবাদ ও ইংরেজি",1
বর্ন লিগ্যাসি,এরিক ভ্যান লুস্টবেডার,4,350.0,245.0,থ্রিলার,1
দ্য ক্লায়েন্ট,জন গ্রিশাম,5,350.0,245.0,"রহস্য, গোয়েন্দা, ভৌতিক, মিথ, থ্রিলার, ও অ্যাডভেঞ্চার: অনুবাদ ও ইংরেজি",4
ডগমা,জাবেদ রাসিন,2,280.0,196.0,থ্রিলার,2
ডোলানস ক্যাডিলাক,স্টিফেন কিং,6,180.0,126.0,"রহস্য, গোয়েন্দা, ভৌতিক, মিথ, থ্রিলার, ও অ্যাডভেঞ্চার: অনুবাদ ও ইংরেজি",1
প্রটেক্ট অ্যান্ড ডিফেন্ড,নাভিদ হোসেন,6,240.0,168.0,থ্রিলার,1
ডগস অব ওয়ার,মোহাম্মদ নাজিম উদ্দিন,9,240.0,168.0,থ্রিলার,1
বিস্তৃত আঁধার,জাবেদ রাসিন,7,350.0,245.0,থ্রিলার,6
অ্যাভেঞ্জার,মোহাম্মদ নাজিম উদ্দিন,4,200.0,140.0,অনুবাদ উপন্যাস,2
ফলেন,কিশোর পাশা ইমন,8,380.0,298.0,"রহস্য, গোয়েন্দা, ভৌতিক, মিথ, থ্রিলার, ও অ্যাডভেঞ্চার: অনুবাদ ও ইংরেজি",1
ডানায় আগুন,আরিয়ান শুভ,4,250.0,175.0,থ্রিলার,7
মে ডে,ক্লাইভ কাসলার,2,200.0,140.0,রহস্য ও গোয়েন্দা উপন্যাস,3
ম্যাক্সিমাম রাইড দ্যা অ্যাঞ্জেল এক্সপেরিমেন্ট,জেমস প্যাটারসন,2,240.0,168.0,থ্রিলার,No
বিফোর দ্য ফল,নোয়া হোলি,3,350.0,245.0,"রহস্য, গোয়েন্দা, ভৌতিক, মিথ, থ্রিলার, ও অ্যাডভেঞ্চার: অনুবাদ ও ইংরেজি",1
এ্যাবসলিউট পাওয়ার,মোহাম্মদ নাজিম উদ্দিন,9,250.0,175.0,থ্রিলার,3
দ্য বডি,স্টিফেন কিং,7,280.0,210.0,"রহস্য, গোয়েন্দা, ভৌতিক, মিথ, থ্রিলার, ও অ্যাডভেঞ্চার: অনুবাদ ও ইংরেজি",2
অল সিস্টেমস রেড,মার্থা ওয়েলস,3,180.0,141.0,"রহস্য, গোয়েন্দা, ভৌতিক, মিথ, থ্রিলার, ও অ্যাডভেঞ্চার: অনুবাদ ও ইংরেজি",3
দান্তে ক্লাব,মোহাম্মদ নাজিম উদ্দিন,9,300.0,210.0,থ্রিলার ও অ্যাডভেঞ্চার উপন্যাস,No
সার্কেল,জাবেদ রাসিন,7,260.0,182.0,থ্রিলার,7
আইকন,মোহাম্মদ নাজিম উদ্দিন,7,170.0,119.0,"রহস্য, গোয়েন্দা, ভৌতিক, মিথ, থ্রিলার, ও অ্যাডভেঞ্চার: অনুবাদ ও ইংরেজি",3
কোমা,প্রিন্স আশরাফ,5,250.0,175.0,থ্রিলার ও অ্যাডভেঞ্চার উপন্যাস,2
বাণ,রাফাত শামস,3,140.0,98.0,সমকালীন উপন্যাস,3
ভাটিকাল রান,অনীশ দাস অপু,7,200.0,140.0,থ্রিলার ও অ্যাডভেঞ্চার উপন্যাস,5
ফ্রেডরিক ফরসাইথ-এর ৭টি বই (রকমারি কালেকশন),ফ্রেডরিক ফরসাইথ,4,1570.0,1099.0,"রহস্য, গোয়েন্দা, ভৌতিক, মিথ, থ্রিলার, ও অ্যাডভেঞ্চার: অনুবাদ ও ইংরেজি",30
মুনস্টোন,উইকি কলিন্স,4,350.0,245.0,থ্রিলার ও অ্যাডভেঞ্চার উপন্যাস,1
চোখের রোগে করণীয়,অধ্যাপক ডা. মোঃ শারফুদ্দিন আহমেদ,3,130.0,91.0,স্বাস্থ্যবিধি ও পরামর্শ,1
যে গল্পের শেষ নেই,তানভীর আহমেদ সৃজন,4,220.0,165.0,"রহস্য, গোয়েন্দা, ভৌতিক, মিথ, থ্রিলার, ও অ্যাডভেঞ্চার: অনুবাদ ও ইংরেজি",1
পেলিকান বৃফ,মোহাম্মদ নাজিম উদ্দিন,2,240.0,168.0,থ্রিলার ও অ্যাডভেঞ্চার উপন্যাস,No
ডার্কফল,তানজিম রহমান,4,220.0,154.0,"রহস্য, গোয়েন্দা, ভৌতিক, মিথ, থ্রিলার, ও অ্যাডভেঞ্চার: অনুবাদ ও ইংরেজি",3
শ্যাডো ওভার ব্যাবিলন,নাভিদ সালেহ,2,250.0,175.0,"রহস্য, গোয়েন্দা, ভৌতিক, মিথ, থ্রিলার, ও অ্যাডভেঞ্চার: অনুবাদ ও ইংরেজি",No
ডিসেপশন,মেহেদী ইসলাম,2,280.0,196.0,"রহস্য, গোয়েন্দা, ভৌতিক, মিথ, থ্রিলার, ও অ্যাডভেঞ্চার: অনুবাদ ও ইংরেজি",No
মোনালিসা,মোহাম্মদ নাজিম উদ্দিন,3,250.0,175.0,থ্রিলার ও অ্যাডভেঞ্চার উপন্যাস,1
পয়েন্ট অব ইমপ্যাক্ট,নাভিদ হোসেন,2,240.0,168.0,"রহস্য, গোয়েন্দা, ভৌতিক, মিথ, থ্রিলার, ও অ্যাডভেঞ্চার: অনুবাদ ও ইংরেজি",No
লাবণ্য কথা,লাবণ্য আলমাজী,,150.0,118.0,গল্প সমগ্র,
আঁধারে,ডাঃ সুদীপ্ত সপ্তর্ষি,2,120.0,94.0,বিবিধ বিষয়ক বই,No
মাস্টার প্ল্যান,প্রান্ত ঘোষ দস্তিদার,2,140.0,98.0,থ্রিলার,1
ইরা লেভিন-এর বয়েজ ফ্রম ব্রাজিল,ইরা লেভিন,2,200.0,140.0,"রহস্য, গোয়েন্দা, ভৌতিক, মিথ, থ্রিলার, ও অ্যাডভেঞ্চার: অনুবাদ ও ইংরেজি",No
দুধ চা খেয়ে তোকে গুলি করে দেব,জাহিদ হোসেন,110,450.0,338.0,থ্রিলার,42
বডি অব এভিডেন্স,বশীর বারহান,1,240.0,168.0,"রহস্য, গোয়েন্দা, ভৌতিক, মিথ, থ্রিলার, ও অ্যাডভেঞ্চার: অনুবাদ ও ইংরেজি",No
আধুনিক বাংলা সাহিত্যের বিষয় ও শিল্পরূপ,গাজী আজিজুর রহমান,2,200.0,140.0,সাহিত্য সমালোচনা বিষয়ক প্রবন্ধ,No
যে শহরে গল্প লেখা বারণ,মোহাইমিনুল ইসলাম বাপ্পী,33,250.0,196.0,থ্রিলার,16
আধুনিক বাংলা উপন্যাসের বিষয় ও শিল্পরুপ,গাজী আজিজুর রহমান,3,200.0,140.0,সাহিত্য সমালোচনা বিষয়ক প্রবন্ধ,No
রবার্ট লুডলাম এর বর্ন সিরিজের ৪টি বই,মোহাম্মদ নাজিম উদ্দিন,1,1420.0,994.0,"রহস্য, গোয়েন্দা, ভৌতিক, মিথ, থ্রিলার, ও অ্যাডভেঞ্চার: অনুবাদ ও ইংরেজি",3
বাতিঘর প্রকাশনীর ১১ জন বিদেশী লেখকের জনপ্রিয় অনুবাদ বই,মারিও পূজো,1,3510.0,2412.0,"রহস্য, গোয়েন্দা, ভৌতিক, মিথ, থ্রিলার, ও অ্যাডভেঞ্চার: অনুবাদ ও ইংরেজি",478
অ্যা হুইফ অব ডেথ,আইজ্যাক আসিমভ,6,320.0,251.0,"রহস্য, গোয়েন্দা, ভৌতিক, মিথ, থ্রিলার, ও অ্যাডভেঞ্চার: অনুবাদ ও ইংরেজি",4
দ্য শার্লোকিয়ান,গ্রাহাম বুথ,11,250.0,175.0,"রহস্য, গোয়েন্দা, ভৌতিক, মিথ, থ্রিলার, ও অ্যাডভেঞ্চার: অনুবাদ ও ইংরেজি",5
অ্যাম্বার রুম,স্টিভ বেরি,5,240.0,168.0,অনুবাদ উপন্যাস,2
সাইকো থৃলার : রক্তহিম,সুস্ময় সুমন,2,100.0,70.0,থ্রিলার,No
সাইকোলার,নাসিফ বিন হোসাইন,,180.0,126.0,সায়েন্স ফিকশন,1
অনুবাদ কবিতা,মূর্তালা রামাত,,70.0,49.0,অনুবাদ কবিতা,
প্রেম : রোগ : বিলাস,আহমেদ ফিরোজ,1,90.0,63.0,রোমান্টিক উপন্যাস,No
মেঘহাঁস,ফারজানা আহমেদ (গল্পকার),,200.0,140.0,সমকালীন গল্প,
ফাস্ট ব্লাড,নাভিদ সালেহ,3,200.0,140.0,থ্রিলার ও অ্যাডভেঞ্চার উপন্যাস,2
যে দোলক দোলে ও দোলায়,ফারহাদ সরকার,,80.0,56.0,বাংলা কবিতা,
আর্ধেক বসন্ত খেয়েছে নদী আর্ধেক গেছে ভেসে,ফরহাদ খান,,70.0,49.0,বাংলা কবিতা,
সন্ধ্যার মেঘের রঙ অন্ধকার হলে,পান্থ রহমান রেজা,,80.0,56.0,সমকালীন গল্প,
বৃষ্টির মেয়েটা ব্যাঙের ছেলেটা,ইমরুল ইউসুফ,,120.0,84.0,বাংলা কবিতা,
তোমার চুল আকাশে হেলান দিয়ে নক্ষত্র দেখে,ইমরুল ইউসুফ,,60.0,42.0,বাংলা কবিতা,
নাদা পথ চলে একা,ওমর ফারুক,,80.0,56.0,বাংলা কবিতা,
যযুধা,প্রিন্স আশরাফ,,200.0,140.0,সমকালীন উপন্যাস,
