Title,Author,Text Secondary,Price
দেয়াল,হুমায়ূন আহমেদ,(431),TK. 450 TK. 315
শম্পা কী চায়?,এশরার লতিফ,(11),TK. 350 TK. 301
ইনসমনিয়া,ফরহাদ হোসেন,(3),TK. 320 TK. 275
সাতপুরুষে খেদু মিয়া,অসীম হিমেল,(5),TK. 580 TK. 499
হুমায়ূন আহমেদ রচনাবলী ২,হুমায়ূন আহমেদ,(11),TK. 800 TK. 688
হুমায়ূন আহমেদ রচনাবলী ৯,হুমায়ূন আহমেদ,(1),TK. 800 TK. 688
হুমায়ূন আহমেদ রচনাবলী ১১,হুমায়ূন আহমেদ,(4),TK. 800 TK. 688
হুমায়ূন আহমেদ রচনাবলী - ৪,হুমায়ূন আহমেদ,(8),TK. 800 TK. 688
হুমায়ূন আহমেদ রচনাবলী ৭,হুমায়ূন আহমেদ,(8),TK. 800 TK. 688
আগুনডানা মেয়ে,সাদাত হোসাইন,(14),TK. 800 TK. 560
জোছনা ও জননীর গল্প,হুমায়ূন আহমেদ,(309),TK. 800 TK. 560
ভূতসমগ্র ১ম খণ্ড,হুমায়ূন আহমেদ,(21),TK. 850 TK. 595
শ্রেষ্ঠ প্রেমের উপন্যাস,হুমায়ূন আহমেদ,(11),"TK. 1,000 TK. 700"
হিমু দশ,হুমায়ূন আহমেদ,(11),TK. 850 TK. 595
দেবো খোঁপায় তারার ফুল,মোস্তফা কামাল,(26),TK. 800 TK. 560
এমন জনম,ইমদাদুল হক মিলন,N/A,"TK. 1,500 TK. 1,050"
অন্ধকারের গোলকধাঁধায়,রফিকুজ্জামান আকিব (শুভ্র),(5),TK. 550 TK. 473
হুমায়ূন আহমেদ রচনাবলী ৩,হুমায়ূন আহমেদ,(7),TK. 800 TK. 688
মিসির আলি দশ,হুমায়ূন আহমেদ,(3),TK. 850 TK. 595
তিন রাগিণী,ড. তাবারক হোসেন,(3),"TK. 1,000 TK. 860"
মানবজনম,সাদাত হোসাইন,(15),TK. 700 TK. 602
বাদশাহ নামদার,হুমায়ূন আহমেদ,(254),TK. 450 TK. 387
নন্দিত নরকে,হুমায়ূন আহমেদ,(127),TK. 280 TK. 241
শঙ্খনীল কারাগার,হুমায়ূন আহমেদ,(123),TK. 280 TK. 241
মেঘেদের দিন,সাদাত হোসাইন,(229),TK. 300 TK. 258
হুমায়ূন আহমেদ শিশুকিশোর রচনাবলী কালেকশন,হুমায়ূন আহমেদ,(3),"TK. 2,000 TK. 1,480"
তেতুল বনে জোছনা,হুমায়ূন আহমেদ,(81),TK. 350 TK. 301
সে এখানে নেই,সাদাত হোসাইন,(39),TK. 300 TK. 258
মাতাল হাওয়া,হুমায়ূন আহমেদ,(102),TK. 600 TK. 516
লীলাবতী,হুমায়ূন আহমেদ,(75),TK. 550 TK. 473
দিঘির জলে কার ছায়া গো,হুমায়ূন আহমেদ,(33),TK. 300 TK. 258
লীলাবতীর মৃত্যু,হুমায়ূন আহমেদ,(55),TK. 300 TK. 258
আগুনের পরশমণি,হুমায়ূন আহমেদ,(30),TK. 300 TK. 258
আজ হিমুর বিয়ে,হুমায়ূন আহমেদ,(45),TK. 300 TK. 258
মরাতাই,লুৎফর হাসান,(1),TK. 300 TK. 258
ফানুস,মৌরি মরিয়ম,(145),TK. 600 TK. 516
যখন নামিবে আধাঁর,হুমায়ূন আহমেদ,(38),TK. 250 TK. 215
মরণোত্তম,সাদাত হোসাইন,(100),TK. 300 TK. 258
হিমুর নীল জোছনা,হুমায়ূন আহমেদ,(27),TK. 280 TK. 241
হিমু এবং হার্ভার্ড Ph.D বল্টুভাই,হুমায়ূন আহমেদ,(50),TK. 300 TK. 258
দেখিলাম তারে,মইনুল খান,N/A,TK. 200 TK. 172
মেঘের ওপর বাড়ি,হুমায়ূন আহমেদ,(35),TK. 300 TK. 258
চলে যায় বসন্তের দিন,হুমায়ূন আহমেদ,(29),TK. 300 TK. 258
ভ্রমণসমগ্র,হুমায়ূন আহমেদ,(35),TK. 700 TK. 602
বাসর,হুমায়ূন আহমেদ,(26),TK. 250 TK. 215
হিজিবিজি,হুমায়ূন আহমেদ,(43),TK. 350 TK. 301
কুটু মিয়া,হুমায়ূন আহমেদ,(38),TK. 320 TK. 275
নিউইয়র্কের নীলাকাশে ঝকঝকে রোদ,হুমায়ূন আহমেদ,(43),TK. 300 TK. 258
মিসির আলির চশমা,হুমায়ূন আহমেদ,(35),TK. 280 TK. 241
একা একা,হুমায়ূন আহমেদ,(20),TK. 280 TK. 241
মার্জিনে মন্তব্য,সৈয়দ শামসুল হক,(39),TK. 650 TK. 559
দুয়ারে দ্বিধার দেয়াল,মৌরি মরিয়ম,(41),TK. 550 TK. 473
মৃন্ময়ী,হুমায়ূন আহমেদ,(32),TK. 320 TK. 275
লিলুয়া বাতাস,হুমায়ূন আহমেদ,(32),TK. 320 TK. 275
হিমু রিমান্ডে,হুমায়ূন আহমেদ,(36),TK. 280 TK. 241
এপিটাফ,হুমায়ূন আহমেদ,(35),TK. 320 TK. 275
আমিই মিসির আলি,হুমায়ূন আহমেদ,(35),TK. 300 TK. 258
এই শুভ্র ! এই,হুমায়ূন আহমেদ,(26),TK. 320 TK. 275
সে আসে ধীরে,হুমায়ূন আহমেদ,(23),TK. 280 TK. 241
আজ আমি কোথাও যাব না,হুমায়ূন আহমেদ,(23),TK. 320 TK. 275
কাঠপেন্সিল,হুমায়ূন আহমেদ,(17),TK. 350 TK. 301
দ্বিতীয় মানব,হুমায়ূন আহমেদ,(29),TK. 200 TK. 172
একজন আধুলি,আরিফ হাকিম,(1),TK. 250 TK. 215
নাইয়রি,মৌরি মরিয়ম,(12),TK. 580 TK. 499
পারাপার,হুমায়ূন আহমেদ,(18),TK. 300 TK. 258
ফাউন্টেনপেন,হুমায়ূন আহমেদ,(24),TK. 350 TK. 301
রজনী,হুমায়ূন আহমেদ,(20),TK. 280 TK. 241
রঙপেন্সিল,হুমায়ূন আহমেদ,(17),TK. 300 TK. 258
তারা তিনজন,হুমায়ূন আহমেদ,(17),TK. 250 TK. 215
রূপার পালঙ্ক,হুমায়ূন আহমেদ,(19),TK. 280 TK. 241
পায়ের তলায় খড়ম,হুমায়ূন আহমেদ,(17),TK. 380 TK. 327
ম্যাজিক মুনশি,হুমায়ূন আহমেদ,(26),TK. 280 TK. 241
যদিও সন্ধ্যা,হুমায়ূন আহমেদ,(17),TK. 325 TK. 280
শুভ্র গেছে বনে,হুমায়ূন আহমেদ,(24),TK. 380 TK. 327
বলপয়েন্ট,হুমায়ূন আহমেদ,(18),TK. 400 TK. 344
প্রথম প্রহর,হুমায়ূন আহমেদ,(22),TK. 280 TK. 210
আসমানীরা তিন বোন,হুমায়ূন আহমেদ,(15),TK. 300 TK. 258
কিছু শৈশব,হুমায়ূন আহমেদ,(27),TK. 300 TK. 258
হিমুর আছে জল,হুমায়ূন আহমেদ,(19),TK. 280 TK. 241
অরণ্য,হুমায়ূন আহমেদ,(17),TK. 300 TK. 258
উড়ালপঙ্খি,হুমায়ূন আহমেদ,(27),TK. 320 TK. 275
আজ দুপুরে তোমার নিমন্ত্রণ,হুমায়ূন আহমেদ,(16),TK. 320 TK. 275
নিঃসঙ্গ নক্ষত্র,সাদাত হোসাইন,(12),TK. 550 TK. 473
সৌরভ,হুমায়ূন আহমেদ,(18),TK. 280 TK. 241
জল মিশে যায় জলে,শানজানা আলম,(30),TK. 600 TK. 516
শঙ্খচিল,শানজানা আলম,(18),TK. 380 TK. 327
একলব্য,হরিশংকর জলদাস,(9),TK. 600 TK. 516
রাবণের দেশে আমি ও আমরা,হুমায়ূন আহমেদ,(15),TK. 300 TK. 258
মানবী,হুমায়ূন আহমেদ,(26),TK. 300 TK. 258
দিনের শেষে,হুমায়ূন আহমেদ,(18),TK. 280 TK. 210
ফাগুন বসন্তে,মোশতাক আহমেদ,(13),TK. 300 TK. 225
গোয়েন্দা কাহিনি : স্বর্ণমানব,মইনুল খান,(1),TK. 280 TK. 241
আনন্দ বেদনার কাব্য,হুমায়ূন আহমেদ,(10),TK. 225 TK. 194
আগুনপোকা,শানজানা আলম,(3),TK. 500 TK. 430
দেখা না দেখা,হুমায়ূন আহমেদ,(17),TK. 350 TK. 301
হিজলের ফুল জলে ভাসা ভুল,শানজানা আলম,(3),TK. 500 TK. 430
নির্বাচিত কবিতা,সাদাত হোসাইন,(2),TK. 500 TK. 430
নীলস্বপ্ন,নিশো আল মামুন,(26),TK. 280 TK. 241
শরতের শেষ থেকে,ফারহানা সিনথিয়া,(7),TK. 400 TK. 344
মাঠের মানুষ( স্মরণে মো. আমিনুল আলম),সুখেন্দ্র কুমার সরকার,N/A,TK. 300 TK. 258
জোছনাত্রয়ী,হুমায়ূন আহমেদ,(10),TK. 400 TK. 344
যদি মন কাঁদে,শহিদ হোসেন খোকন,(9),TK. 400 TK. 300
উনুন,রুহুল আমিন (গল্পকার),(6),TK. 300 TK. 258
ফাহিম সালেহ স্বপ্নের কারিগর,সালেহ উদ্দিন আহমদ,(26),TK. 700 TK. 602
হ্যামলেট,সৈয়দ শামসুল হক,(7),TK. 300 TK. 258
নিলির ভালোবাসা,মোশতাক আহমেদ,(16),TK. 400 TK. 344
পুষ্টি নামা,সৈয়দা শারমিন আক্তার,(3),TK. 400 TK. 344
স্পর্শের বাইরে,সুমন্ত আসলাম,(6),TK. 200 TK. 172
আহারে জীবন,আমিনা তাবাস্‌সুম,(3),TK. 380 TK. 327
তুমি একটুখানি তো জল,লামইয়া চৌধুরী,(9),TK. 600 TK. 516
জোছনায় ফুল ফুটেছে,নিশো আল মামুন,(4),TK. 225 TK. 194
জলপিপি,অরুণ কুমার বিশ্বাস,(3),TK. 300 TK. 258
কিভাবে সেরা ছাত্র হবে,সাদ ইসলাম,(10),TK. 320 TK. 275
হুমায়ূন আহমেদের কয়েকটি চিঠি ও একটি ডায়রি,শাহানা কায়েস,(8),TK. 200 TK. 172
একশো ভূত,সামস আহমেদ,(3),TK. 350 TK. 301
আয়না কেমন আছে,ইমদাদুল হক মিলন,(4),TK. 120 TK. 103
এসো আমার ঘরে,শানজানা আলম,(1),TK. 450 TK. 387
ভাটি এলাকায় মুক্তিযুদ্ধ আমার অহংকার,সালেহ চৌধুরী,(1),TK. 400 TK. 344
মুক্তিসংগ্রাম ও মুক্তিযুদ্ধে আলেম সমাজের ভূমিকা,ড. মোহাম্মদ হাননান,(2),TK. 700 TK. 602
উনিশ শ' একাত্তর,ফয়জুল লতিফ চৌধুরী,N/A,TK. 550 TK. 473
পড়ালেখায় মনোযোগী হওয়ার কৌশল,গাজী মিজানুর রহমান (বিসিএস),(4),TK. 380 TK. 327
বকুলের ঘ্রাণ,রুহুল আমিন (গল্পকার),(6),TK. 300 TK. 258
নিউইয়র্কে হুমায়ূন আহমেদের চিকিৎসা ও অন্যান্য প্রসঙ্গ,পূরবী বসু,(3),TK. 170 TK. 146
যদি কখনো,সুমন্ত আসলাম,(9),TK. 225 TK. 194
ব্যাচেলর ভাড়া দেওয়া হয় না,মনদীপ ঘরাই,(7),TK. 300 TK. 258
ঘেটুপুত্র কমলা,হুমায়ূন আহমেদ,(13),TK. 500 TK. 430
বিষাদনদী,মোহিত কামাল,(2),TK. 350 TK. 301
উৎসর্গ,লামইয়া চৌধুরী,(5),TK. 550 TK. 473
আমার বিপুলা পৃথিবী,সিদ্দিকা জামান,(2),TK. 480 TK. 413
সিক্রেট ডক্যুমেন্টস সংক্ষিপ্ত ও সরল পাঠ,আতিউর রহমান,N/A,TK. 600 TK. 516
নিষ্পত্তি,ড. তাবারক হোসেন,(7),TK. 350 TK. 301
মান বাংলা লেখার নিয়মকানুন,ড. হাকিম আরিফ,N/A,TK. 280 TK. 241
মৌর্য,আবুল কাসেম,(2),TK. 850 TK. 731
চিঠি দিয়ো,সালমা সুলতানা,N/A,TK. 350 TK. 301
প্রজাপতি ব্যাজ,সজল আশফাক,(1),TK. 225 TK. 194
৮০ দশকের নির্বাচিত পাঁচটি উপন্যাস,হুমায়ূন আহমেদ,(8),TK. 650 TK. 559
"নদীপথে, সঙ্গে ইউলিসিস",হাসনাত আবদুল হাই,N/A,TK. 800 TK. 688
এবং যখন চলে যাব,ফুয়াদ শহীদ,N/A,TK. 280 TK. 241
নীলগিরিতে চার গোয়েন্দা,মোস্তফা কামাল,(5),TK. 200 TK. 172
সেরা দশ গল্প,হুমায়ূন আহমেদ,(9),TK. 280 TK. 241
মন খারাপের রাত,মির্জা শামীম,(4),TK. 120 TK. 103
হুমায়ূন আহমেদ রচনাবলী-৬,হুমায়ূন আহমেদ,(6),TK. 800 TK. 600
কৃষ্ণচূড়া ও রাধাচূড়ার গল্প,লুৎফুন্নাহার পিকি,(2),TK. 350 TK. 301
তবুও একদিন,সুমন্ত আসলাম,(3),TK. 280 TK. 241
হর্ষবর্ধন শ্রিংলা দার্জিলিং থেকে দুনিয়া,দীপমালা রোকা,N/A,TK. 600 TK. 516
বনসাই,রেশমী রফিক,(2),TK. 600 TK. 516
নোবেলের শহর,শাকুর মজিদ,(3),TK. 280 TK. 241
জেনেটিক্স : মিল ও অমিলের বিজ্ঞান,প্রফেসর মো. হাসান তারীক রানা,(2),TK. 300 TK. 258
নুহাশপল্লীর এইসব দিনরাত্রি,শাকুর মজিদ,(1),TK. 300 TK. 258
৭ই মার্চ থেকে স্বাধীনতা,ড. হারুন-অর-রশিদ,(2),TK. 400 TK. 344
একটি হারানো বিজ্ঞপ্তি,মনদীপ ঘরাই,N/A,TK. 350 TK. 301
একান্ত পাপগুচ্ছ,মালেক মুস্তাকিম,N/A,TK. 250 TK. 215
বদলে দেওয়ার অর্থনীতি,মামুন রশীদ (ব্যাংকার),(3),TK. 200 TK. 172
সেদিনও বৃষ্টি ছিল,প্রণব ভট্ট,(3),TK. 90 TK. 77
শুভ বিবাহ,শহিদ হোসেন খোকন,(4),TK. 350 TK. 301
প্রেম অথবা প্রার্থনা,খালেদা ফ্যান্সি,N/A,TK. 225 TK. 194
আহসান উল্লাহ মাস্টার জীবনালেখ্য,ইজাজ আহমেদ মিলন,N/A,TK. 600 TK. 516
আব্বু,সিনথিয়া খান,N/A,TK. 300 TK. 258
জোনাকির নিজস্ব অন্ধকার,লুৎফর হাসান,(1),TK. 250 TK. 215
তব ভুবনে তব ভবনে,আতিউর রহমান,(3),TK. 600 TK. 516
ঘর কিংবা ঘোর,তকিব তৌফিক,(17),TK. 400 TK. 344
ত্বকের যত্ন ত্বকের অসুখ,ডা. সাইফুল কবীর,N/A,TK. 170 TK. 146
নিভৃত পূর্ণিমা,রেফাত আল হামিদ,(1),TK. 580 TK. 499
পূর্ণ ছবির মগ্নতা,সেলিনা হোসেন,(3),TK. 550 TK. 473
একরাত্রি,ড. তাবারক হোসেন,(3),TK. 300 TK. 258
অপূর্ব এক দোয়েল পাখি,ইমদাদুল হক মিলন,N/A,TK. 250 TK. 215
উতল হাওয়া,শহিদ হোসেন খোকন,N/A,TK. 700 TK. 602
ছমছমে এক রাতের বাড়ি,সিদরাতুল মুনতাহা দুপুর,(1),TK. 150 TK. 129
হরকিশোর বাবু,হরিশংকর জলদাস,(2),TK. 250 TK. 215
হুমায়ূন আহমেদ ও যত কথা,মুনীর আহমেদ,(3),TK. 250 TK. 215
ভালোবাসা কারে কয়,লুৎফুন্নাহার পিকি,(1),TK. 600 TK. 516
কম্পুকার্টুন,আহসান হাবীব (কার্টুনিস্ট),(2),TK. 50 TK. 43
দেখা অদেখার গল্প,সৈয়দ মনজুরুল ইসলাম,N/A,TK. 400 TK. 344
যৌনযাপন,শেখ সাদী,(2),TK. 250 TK. 215
"ছেলেটি যে মেয়ে, মেয়েটি তা জানত না",নাসরীন জাহান,(3),TK. 120 TK. 103
মনে পাপ ছিল,অরুণ কুমার বিশ্বাস,(1),TK. 350 TK. 301
ব্যবহারিক মনোবিজ্ঞান,ড. কাজী আফিয়া ‍সুলতানা,(2),TK. 250 TK. 188
শ্রেষ্ঠ কবিতা,মোহাম্মদ সাদিক,(2),TK. 275 TK. 237
ঈশ্বর মানুষের পক্ষে,আরিফ হাকিম,N/A,TK. 300 TK. 258
একদা সোভিয়েত ইউনিয়নে,হাসনাত আবদুল হাই,N/A,TK. 880 TK. 757
বৃষ্টি বিলাস,হুমায়ূন আহমেদ,(86),TK. 300 TK. 258
টুঙ্গিপাড়া গ্রাম থেকে,কামাল চৌধুরী,N/A,TK. 300 TK. 258
রবীন্দ্রজীবনের অনুজ্জ্বল অঞ্চল,আবদুশ শাকুর,(1),TK. 750 TK. 645
মেঘের পরে মেঘ,রাবেয়া খাতুন,(1),TK. 200 TK. 172
স্ট্র্যাটেজিক লার্নিং ফর সাকসেস,প্রকৌ. সফিকুল ইসলাম ভূঁঞা,(2),TK. 450 TK. 387
বর্ণমালায় কম্পিউটার,রোমেন রায়হান,(2),TK. 200 TK. 172
এমনি বরষা ছিলো সেদিন,শহিদ হোসেন খোকন,N/A,TK. 200 TK. 172
আমাকে অপেক্ষা করতে বলা হেয়েছিল,মাশুক আল হোসাইন,N/A,TK. 300 TK. 258
ফিরে আসা,রাহাত খান (উপন্যাসিক),(2),TK. 180 TK. 155
আমি নারী আমি মুক্তিযোদ্ধা,সেলিনা হোসেন,(2),TK. 380 TK. 327
কারাগারের কাব্য,হো চি মিন,N/A,TK. 200 TK. 172
ভাটি অঞ্চলের প্রবাদ-প্রবচন,মহিবুর রহিম,N/A,TK. 300 TK. 258
বিচিত্র উদ্ভিদের ভেষজ গুণ,মোকারম হোসেন,N/A,TK. 850 TK. 731
রচনাবলী ১২,হুমায়ূন আহমেদ,N/A,"TK. 1,000 TK. 860"
সেরা দশ গল্প,নাসরীন জাহান,(1),TK. 225 TK. 194
অন্ধকারের আলোয় তুমি,সুমন্ত আসলাম,(3),TK. 225 TK. 194
শাশ্বত সংলাপ,তাহমিদ হাসান,(2),TK. 280 TK. 241
মানব কাণ্ডের লঘু বর্ণনা,মামুন হুসাইন,N/A,TK. 300 TK. 258
কুলহারা কলঙ্কিনী,সাইমন জাকারিয়া,(1),TK. 225 TK. 194
মুক্তিযুদ্ধের নির্বাচিত প্রবন্ধ,হারুন হাবীব,(1),TK. 450 TK. 387
স্মৃতিসত্তার সৈয়দ হক,পিয়াস মজিদ,(1),TK. 225 TK. 194
একা,ইমদাদুল হক মিলন,(2),TK. 500 TK. 430
নন্দীছড়ার যোদ্ধারা,সৈয়দ মনজুরুল ইসলাম,N/A,TK. 380 TK. 327
মধ্যাহ্ন অখণ্ড,হুমায়ূন আহমেদ,(133),TK. 700 TK. 602
শিশির জমেছে জোছনায়,নাসিমা খান বকুল,N/A,TK. 300 TK. 258
ভিলেজ পলিটিক্স,নেয়ামুল নাসির,N/A,TK. 375 TK. 323
আদম সুরত,নূরুদ্দিন জাহাঙ্গীর,N/A,TK. 350 TK. 301
আম্মার অক্সিজেন,মাশুক আল হোসাইন,N/A,TK. 300 TK. 258
হৃদমাজারে,আলী আববাস,(1),TK. 350 TK. 301
অধিকারভিত্তিক উন্নয়ন,আতিউর রহমান,(1),TK. 275 TK. 237
৫ ফেব্রুয়ারি,লুৎফর হাসান,N/A,TK. 300 TK. 258
কাচের ঘর,কানিজ ফাতেমা,N/A,TK. 700 TK. 602
শকুনের ডানা,সৈয়দ মনজুরুল ইসলাম,(2),TK. 300 TK. 258
অপরাজেয় মেজর আফসার,ইজাজ আহমেদ মিলন,N/A,TK. 700 TK. 602
"যুবতী রাধে, সৈয়দ হক ও আরও কথা",স্বকৃত নোমান,N/A,TK. 480 TK. 413
বলিউডের ট্র্যাজিক প্রেম,পীর হাবিবুর রহমান,N/A,TK. 280 TK. 241
ছোটদের মুক্তিযুদ্ধের কথা,আহমদ রফিক,N/A,TK. 250 TK. 215
গণমাধ্যমের লড়াই,সৈয়দ ইশতিয়াক রেজা,N/A,TK. 200 TK. 172
"জলে ডোবা মাঠে, সারারাত",সিদ্ধার্থ হক,(3),TK. 150 TK. 129
সুচিত্রা সেনের জন্য,মনজুরে মওলা,N/A,TK. 50 TK. 43
বিদ্যাসাগর বাঙ্কিমচন্দ্র রবীন্দ্রনাথ ও মুসলমান সমাজ,ডক্টর আবুল আহসান চৌধুরী,N/A,TK. 500 TK. 430
১২টি গল্প,ইকবাল হাসান,(1),TK. 70 TK. 60
আচার্য এই বই ও অন্যান্য কবিতা,রাজু আলাউদ্দিন,N/A,TK. 200 TK. 172
দ্য আর্ট অব হ্যাপি লাইফ,আবু রেজা মো. ইয়াহিয়া,(1),TK. 500 TK. 430
সার্বিয়া,ইমদাদ হক,N/A,TK. 600 TK. 516
মাননীয় মন্ত্রীর জন্য মানপত্র,নূরুদ্দিন জাহাঙ্গীর,N/A,TK. 200 TK. 172
"সেই প্রেম, সেই সময়",আনোয়ারা সৈয়দ হক,(1),TK. 100 TK. 86
বর্ষণে আনন্দে যাও মানুষের কাছে,রফিক আজাদ,N/A,TK. 70 TK. 60
মৃতের পাসপোর্ট,মজহারুল ইসলাম,N/A,TK. 300 TK. 258
সব বর্ষা কদমের নয়,লুৎফুন্নাহার পিকি,N/A,TK. 225 TK. 194
ভালোবাসার দিনে প্রেমের পঙ্‌ক্তিমালা,আরিফ মঈনুদ্দীন,(1),TK. 100 TK. 86
প্রতিপৃষ্ঠা নদীর জীবন,কামাল চৌধুরী,N/A,TK. 280 TK. 241
কলকাতায় শেখ মুজিব,সৌগত চট্টোপাধ্যায়,N/A,TK. 700 TK. 602
সেরা দশ গল্প,মঈনুল আহসান সাবের,N/A,TK. 400 TK. 344
সেরা দশ গল্প,রবীন্দ্রনাথ ঠাকুর,N/A,TK. 350 TK. 301
একজন মায়াবতী,হুমায়ূন আহমেদ,(41),TK. 350 TK. 301
তপু ও তার বন্ধুরা,এ. বি. এম. গোলাম রব্বানী পলাশ,(7),TK. 400 TK. 344
মুক্তিযুদ্ধের বাছাই গল্প,কণিকা রশীদ,N/A,TK. 300 TK. 258
বিষয়টা সন্দেহজনক,বীথি রহমান,N/A,TK. 250 TK. 215
প্রেমের কবিতা,ইকবাল হাসান,(1),TK. 120 TK. 103
কলোম্বিয়ার সেরা দশ গল্প,আনিসুজ জামান,N/A,TK. 250 TK. 215
সেরা দশ গল্প,পূরবী বসু,(1),TK. 300 TK. 258
সোনামণিদের ছড়া টাবু,ড. ধনঞ্জয় সাহা,N/A,TK. 400 TK. 344
অনির অসুখ,আহসান হাবীব (কার্টুনিস্ট),N/A,TK. 200 TK. 172
হিন্দু কলেজ,ড. রতন সিদ্দিকী,N/A,TK. 300 TK. 258
অচিনপুর,হুমায়ূন আহমেদ,(30),TK. 200 TK. 172
সময় অসময়ের মুক্তিযুদ্ধ,জ্যোতিপ্রকাশ দত্ত,(3),TK. 350 TK. 301
বাংলাদেশ আওয়ামী লীগ,সিলভিয়া পারভীন লেনি,N/A,TK. 580 TK. 499
উপলদ্ধি,শাহ্জাহান কবির সাজু,N/A,TK. 350 TK. 301
জ্ঞানতাপস ড. মুহম্মদ শহীদুল্লাহ,ড. মোহাম্মদ হাননান,N/A,TK. 250 TK. 215
চক্রব্যূহ,মনোয়ার হোসেন,(2),TK. 580 TK. 499
প্রেমের সমাধি,মো. আদিল মাহমুদ,N/A,TK. 400 TK. 344
নীল চিরকুট,মো. আদিল মাহমুদ,N/A,TK. 450 TK. 387
শিথানে সোনার কাঠি,জামাল হোসেন,(1),TK. 300 TK. 258
অনন্ত ক্ষমার চিতাকাঠ,হাসান হাফিজ,N/A,TK. 300 TK. 258
কবিতা কাঁদে,সোহেল চৌধুরী,N/A,TK. 500 TK. 430
একটি অখণ্ড পৃথিবীর স্বপ্ন,নূহ-উল-আলম লেনিন,N/A,TK. 150 TK. 129
শ্যামল ছায়া,হুমায়ূন আহমেদ,(31),TK. 175 TK. 151
বরাক উপত্যকার ভাষা আন্দোলন,গোলাম কুদ্দুস,N/A,TK. 400 TK. 344
কে কথা কয়,হুমায়ূন আহমেদ,(26),TK. 650 TK. 559
পিতা,রুহুল আমিন (গল্পকার),(22),TK. 300 TK. 258
অলীক নদীর তীরে,জামাল হোসেন,N/A,TK. 400 TK. 344
মধ্যরাতের হলুদ বৃষ্টি,জামাল হোসেন,N/A,TK. 320 TK. 275
নীল মানুষ,হুমায়ূন আহমেদ,(16),TK. 300 TK. 225
অগ্নিপ্রভাত,সাঈদ আজাদ,(10),TK. 450 TK. 387
Legend,সাদ ইসলাম,(31),TK. 200 TK. 172
১৯৭৫,মোস্তফা কামাল,(33),TK. 800 TK. 688
Mujib Led the People to Freedom,মুহাম্মদ আব্দুল হাই,N/A,TK. 400 TK. 344
কিছু ফুল কিছু ভুল,সালমা সুলতানা,(3),TK. 300 TK. 258
Dwandwasutra : Topics for Debate and Public Speaking,বিরূপাক্ষ পাল,(2),TK. 450 TK. 387
রবির দ্বিতীয় বিয়ে,ফয়েজ তৌহিদুল ইসলাম,(8),TK. 350 TK. 301
পিতা,ফয়েজ তৌহিদুল ইসলাম,(5),TK. 250 TK. 215
ধূম্রজালে খেদু মিয়া,অসীম হিমেল,(21),TK. 500 TK. 375
সমাপ্তি,লুৎফুন্নাহার পিকি,(5),TK. 350 TK. 301
কালের ধুলোয় লেখা,শামসুর রাহমান,(2),TK. 600 TK. 516
টানাপোড়েন,শানজানা আলম,(7),TK. 600 TK. 516
অপরাধ তদন্তপদ্ধতি ও তদন্তকারীর করণীয়,এস এম আশরাফুজ্জামান দোলা,(3),TK. 400 TK. 344
মুক্তিযুদ্ধের বাছাই গল্প,হুমায়ূন আহমেদ,(2),TK. 225 TK. 194
ফুরায় বেলা,সালমা সুলতানা,N/A,TK. 400 TK. 344
বাংলাদেশ রাজনীতি সরকার ও শাসনতান্ত্রিক উন্নয়ন (১৭৫৭-২০১৮),ড. হারুন-অর-রশিদ,(3),TK. 600 TK. 516
মিথ্যা ঘটনা অবলম্বনে,সোহাইল রহমান,(1),TK. 400 TK. 344
১৯৭১ বিধ্বস্ত বাড়িয়ায় শুধুই লাশ এবং,ইজাজ আহমেদ মিলন,N/A,TK. 450 TK. 387
৭০ দশকের নির্বাচিত পাঁচটি উপন্যাস,হুমায়ূন আহমেদ,(13),TK. 500 TK. 430
সেই তুমি,প্রণব ভট্ট,(3),TK. 70 TK. 60
অতিমানবী,আহমেদ বাসার,(7),TK. 380 TK. 327
নীল চিঠি,নিশো আল মামুন,(1),TK. 400 TK. 344
প্রস্থানের আগে,হরিশংকর জলদাস,(7),TK. 700 TK. 602
কলমের সঙ্গে সংসার,সৈয়দ শামসুল হক,(5),TK. 250 TK. 215
সিডনির পথে পথে,বিরূপাক্ষ পাল,(5),TK. 320 TK. 275
মানুষছবি,নিশো আল মামুন,(2),TK. 380 TK. 327
তুমি একটু কেবল বসতে দিও কাছে,সুমন্ত আসলাম,(3),TK. 280 TK. 241
ডাবল ক্রস,মনোয়ার হোসেন,(8),TK. 400 TK. 300
হুমায়ূন আহমেদের সঙ্গে নয় রাত,মজহারুল ইসলাম,(5),TK. 400 TK. 344
গল্প পঞ্চাশৎ,হুমায়ূন আহমেদ,(6),TK. 650 TK. 488
নীল ধ্রুবতারা,ফরহাদ হোসেন,(10),TK. 500 TK. 430
ফ্ল্যাট নম্বর নয় ছয়,লামইয়া চৌধুরী,(1),TK. 900 TK. 774
মুনিয়া মারা গেছে,ফয়েজ তৌহিদুল ইসলাম,N/A,TK. 200 TK. 172
নিঃশব্দ নিনাদ,সুদীপ চক্রবর্ত্তী,(2),TK. 300 TK. 258
ছোটদের জন্য মুক্তিযুদ্ধের নির্বাচিত গল্প,আনোয়ারা সৈয়দ হক,N/A,TK. 250 TK. 215
গ্যাংটকে গ্যাঁড়াকল দার্জিলিংয়ে কোলাহল,মজহারুল ইসলাম,(4),TK. 350 TK. 301
কলকাতা রানাঘাট,হাসনাত আবদুল হাই,(4),TK. 700 TK. 602
প্রধানমন্ত্রীই যেখানে অসহায়,প্রভাষ আমিন,(6),TK. 300 TK. 258
ভাষা আন্দোলনে বঙ্গবন্ধুর ভূমিকা,ড. হারুন অর রশিদ,(1),TK. 500 TK. 430
একান্ত মেয়েদের,ডা. সজল আশফাক,(2),TK. 300 TK. 258
নির্বাচিত গল্পে বঙ্গবন্ধু,সেলিনা হোসেন,(2),"TK. 1,000 TK. 860"
চুম্বন (বাংলায় ভাষান্তর),কবীর চৌধুরী,(4),TK. 175 TK. 151
লইট্টাসুন্দরী,রুহুল আমিন (গল্পকার),(2),TK. 300 TK. 258
বীরযোদ্ধা সুবেদার রাজ্জাক আগরতলা মামলার চৌদ্দ নম্বর আসামি,ইজাজ আহমেদ মিলন,N/A,TK. 480 TK. 413
নদী কারো নয়,সৈয়দ শামসুল হক,(4),TK. 600 TK. 516
"বঙ্গীয় মুসলিম লীগ, পাকিস্তান আন্দোলন বাঙালির রাষ্ট্রভাবনা ও বঙ্গবন্ধু",ড. হারুন-অর-রশিদ,(1),TK. 250 TK. 215
৭ই মার্চের ভাষণ কেন বিশ্ব-ঐতিহ্য সম্পদ : বঙ্গবন্ধু মুক্তিযুদ্ধ বাংলাদেশ,ড. হারুন-অর-রশিদ,N/A,TK. 280 TK. 241
সুখী মানুষের জামা,প্রভাষ আমিন,N/A,TK. 350 TK. 301
রক্তমূলে বিচ্ছেদ,সাদিয়া মাহ্‌জাবীন ইমাম,(3),TK. 225 TK. 194
অন্যচোখে,আশান উজ জামান,(3),TK. 250 TK. 215
এভালন দ্বীপে একরাত,সামসাদ ফেরদৌসি,(13),TK. 280 TK. 241
একাত্তর ও অন্যান্য গল্প,সৈয়দ মনজুরুল ইসলাম,N/A,TK. 200 TK. 172
জলের জমিন,হক ফারুক,(6),TK. 250 TK. 215
শ্বেতপদ্ম,ড. তাবারক হোসেন,(4),TK. 550 TK. 473
অনুভবের নীলনকশা,আবেদ চৌধুরী,(4),TK. 200 TK. 172
প্রসূনদের জন্য ভালোবাসা,প্রভাষ আমিন,(2),TK. 350 TK. 301
প্রিয় হুমায়ূন আহমেদ,ইমদাদুল হক মিলন,(2),TK. 250 TK. 215
নিনির সবুজ জ্যোৎস্না,সুমন্ত আসলাম,(1),TK. 200 TK. 172
মধ্যরাতের জোকস্‌,অধ্যাপক আতাউর রহমান,(2),TK. 175 TK. 151
গণমাধ্যম ১৯৭১,হারুন হাবীব,(1),TK. 400 TK. 344
চন্দ্রমুখীর সুইসাইড নোট,মোস্তফা কামাল,(2),TK. 200 TK. 172
জলরঙ কাব্য,পার্থ প্রদীপ সরকার,(1),TK. 175 TK. 151
ডেলিসিয়াস ডেজার্ট,মজহারুল ইসলাম,(6),TK. 550 TK. 473
দেশ-বিদেশের রান্না,কেকা ফেরদৌসী,(2),TK. 550 TK. 473
বৃষ্টি তোমার জন্য,সুমন্ত আসলাম,(3),TK. 225 TK. 194
জেনারেলের কালো সুন্দরী,পীর হাবিবুর রহমান,N/A,TK. 250 TK. 215
আমেরিকা! আমেরিকা!!,আহসান হাবীব (কার্টুনিস্ট),(1),TK. 350 TK. 301
সুনীল সাগর জলে,ইঞ্জিনিয়ার ফেরদৌস খান,(4),TK. 450 TK. 387
নির্জনে,প্রণব ভট্ট,(5),TK. 125 TK. 108
সাতাশ এপ্রিল রাত বারোটা,সুমন্ত আসলাম,(4),TK. 250 TK. 215
ওবায়েদ উল হক স্মারকগ্রন্থ,সিরাজুল ইসলাম চৌধুরী,N/A,TK. 800 TK. 688
নারী ধর্ম ইত্যাদি,গোলাম মুরশিদ,(2),TK. 700 TK. 602
ঠাট্টা,মঈনুল আহসান সাবের,(4),TK. 60 TK. 52
ছোটদের ফকির লালন,সিনা হাসান,(3),TK. 200 TK. 172
করোনা উপাখ্যান অতিমারি শাসনে এক পরিবারের কলম যুদ্ধ,ওয়ামেক আজফার রাজা,N/A,TK. 500 TK. 430
তাসমানিয়া থেকে ক্যানবেরা,রাবেয়া খাতুন,(1),TK. 120 TK. 103
হুমায়ূন আহমেদের ধর্মচেতনা ও মৃত্যুচিন্তা,ড. মোহাম্মদ হাননান,(3),TK. 300 TK. 225
নিউক্লিয়ার ক্লাবে বাংলাদেশ,প্রকৌশলী মোঃ আনোয়ার হোসেন,N/A,TK. 250 TK. 215
শ্লীল-অশ্লীল অভিধান,কাদের মাহমুদ,(1),TK. 500 TK. 430
দি প্রফেট (স.),আরিফ মঈনুদ্দীন,(6),TK. 280 TK. 241
ভুল সবই ভুল,ডা. সজল আশফাক,(3),TK. 250 TK. 215
মিঃ সল্যুশন ম্যান,ইফতেখার শুভ,(4),TK. 200 TK. 172
লেখা যখন হয় না,শঙ্খ ঘোষ,(2),TK. 350 TK. 301
হুমায়ূন আহমেদ : অনন্ত জীবন যদি,নাসির আলী মামুন,(3),TK. 800 TK. 688
আংটিহারা,মোঃ সাইফুর রহমান,(4),TK. 500 TK. 430
আমার মুজিব,মহাদেব সাহা,(1),TK. 350 TK. 301
নির্বাচিত প্রবন্ধ,বিচারপতি মুহাম্মদ হাবিবুর রহমান,(2),TK. 400 TK. 344
সেরা দশ গল্প,ফারুক মঈনউদ্দীন,(2),TK. 400 TK. 344
উনপঞ্চাশ বায়ু,মাশুক আল হোসাইন,N/A,TK. 300 TK. 258
দারুচিনি দ্বীপে,রাবেয়া খাতুন,(3),TK. 200 TK. 172
সেলাই করা হাওয়ার গান,মালেক মুস্তাকিম,N/A,TK. 280 TK. 241
মুক্তিযুদ্ধের বাছাই গল্প,রাবেয়া খাতুন,N/A,TK. 300 TK. 258
কিশোরদের নজরুল,আহমদ রফিক,N/A,TK. 250 TK. 215
পীর মাহমুদ সংগৃহীত-সঙ্কলিত চিকিৎসাসংগ্রহ,মুহম্মদ শাহজাহান মিয়া,(4),TK. 500 TK. 430
পৃথিবী তোমাকে আমি ভালবাসি,মহাদেব সাহা,(1),TK. 50 TK. 43
ডেজার্ট ডিলাইট,মজহারুল ইসলাম,(3),TK. 550 TK. 473
ভ্যাট আইন ও ইস্যু - নতুন সংস্করণ,ড. আব্দুল মান্নান শিকদার,N/A,"TK. 1,500 TK. 1,290"
বিশ্বজোড়া অনন্ত অঙ্গনে,ফারুক মঈনউদ্দীন,N/A,TK. 380 TK. 327
আমার মুক্তিযুদ্ধ,শাহাবুদ্দিন আহমেদ,(1),TK. 500 TK. 430
নগর ঢাকায় জনৈক জীবনানন্দ,পিয়াস মজিদ,(3),TK. 120 TK. 103
কয়লাতলা ও অন্যান্য গল্প,সৈয়দ মনজুরুল ইসলাম,(1),TK. 380 TK. 327
শেক্সপীয়রের গল্প,কবীর চৌধুরী,(2),TK. 150 TK. 129
সেরা দশ গল্প,সৈয়দ মনজুরুল ইসলাম,(1),TK. 300 TK. 258
১০১ টি দেশি মাছ রান্না,বিশ্বজিৎ সরকার,(2),TK. 550 TK. 473
বঙ্গবন্ধু শেখ মুজিবুর রহমানের মানবিক চিন্তা-চেতনা ও জীবনদর্শন,ড. আবদুল খালেক,N/A,TK. 380 TK. 327
মেঘের সোনালী চুল,নাসরীন জাহান,(1),TK. 50 TK. 43
উপন্যাস সমগ্র-৭,সৈয়দ শামসুল হক,(1),TK. 400 TK. 344
মেন এন্ড ওমেন,মোঃ রাব্বি আহসান,(1),TK. 350 TK. 301
আরও হাফডজন ছোট কাকু,ফরিদুর রেজা সাগর,N/A,TK. 400 TK. 344
আজগুবি রাত,সৈয়দ মনজুরুল ইসলাম,(3),TK. 225 TK. 194
মুক্তিযুদ্ধের বাছাই গল্প,ইমদাদুল হক মিলন,(1),TK. 250 TK. 215
শাকান্ন,শওকাত ওসমান,(4),TK. 500 TK. 430
বঙ্গবন্ধুর নারী ভাবনা ও আজকের বাংলাদেশ,পূরবী বসু,(1),TK. 250 TK. 215
রসগল্পের রাজকোষ,অধ্যাপক আতাউর রহমান,(1),TK. 500 TK. 430
আইবেকের দৈত্য,রাহাত খান (উপন্যাসিক),(2),TK. 70 TK. 60
উড়ে যায় মালতি পরী,সৈয়দ শামসুল হক,(3),TK. 70 TK. 60
তিন সমুদ্রের দেশে,ওবায়দুল কাদের,(1),TK. 60 TK. 52
হুমায়ূন আহমেদের-এর শেষ ও প্রথম চলচ্চিত্র,মতিন রহমান,(1),TK. 225 TK. 194
"স্বপ্ন, দুঃস্বপ্ন ও বোবার স্বপ্ন",বিচারপতি মুহাম্মদ হাবিবুর রহমান,N/A,TK. 250 TK. 215
উপন্যাস সমগ্র-৪,সৈয়দ শামসুল হক,(4),TK. 500 TK. 430
মৎসান্ন,শওকাত ওসমান,(1),TK. 600 TK. 516
কতদিন পরে এলে,প্রণব ভট্ট,(2),TK. 100 TK. 86
ঢেউয়ের ভেতর দাবানল (এইচ এস বি সি - কালি ও কলম সাহিত্য পুরস্কার),নওশাদ জামিল,(1),TK. 100 TK. 86
মৌমিতা ভালোবেসেছিল,প্রণব ভট্ট,(2),TK. 125 TK. 108
উপন্যাস সমগ্র-১০,সৈয়দ শামসুল হক,(2),TK. 450 TK. 387
গল্পসকল -১ম খণ্ড,সৈয়দ মনজুরুল ইসলাম,N/A,TK. 700 TK. 602
জালবন্দি জীবন,লুৎফুন্নাহার পিকি,(2),TK. 400 TK. 300
কালো মেঘের ওপারে পূর্ণিমা,মহাদেব সাহা,(1),TK. 75 TK. 65
আমার ভিতরে যতো অন্ধকার আমার ভিতরে যতো আলো,মহাদেব সাহা,(2),TK. 50 TK. 43
নির্বাচিত বঙ্গবন্ধু,আতিউর রহমান,N/A,TK. 450 TK. 387
আনন্দমহল,শাতিল রাফিয়া,N/A,TK. 250 TK. 215
অস্কার বিজয়ী চলচ্চিত্র,মুম রহমান,(1),TK. 500 TK. 430
হাত বাড়িয়ে দাও,আরিফ মঈনুদ্দীন,(4),TK. 175 TK. 151
"রবীন্দ্রনাথ, ‘গীতাঞ্জলি’ ও নোবেল ‍পুরস্কার",আহমদ রফিক,(1),TK. 300 TK. 258
জাতির উদ্দেশে ভাষণ,শেখ হাসিনা,(2),"TK. 1,000 TK. 860"
ফেরা না-ফেরার গল্প,মাহবুবুল হক শাকিল,(2),TK. 150 TK. 129
কে তুমি,সুমন্ত আসলাম,(4),TK. 225 TK. 194
ভালোবাসার লাল পিঁপড়ে,আনোয়ারা সৈয়দ হক,(2),TK. 75 TK. 65
ভাষা আন্দোলন সহজ পাঠ,গোলাম কুদ্দুস,N/A,TK. 320 TK. 275
গুবলুর গোয়েন্দাগিরি,অরুণ কুমার বিশ্বাস,N/A,TK. 175 TK. 151
জনকের গল্প,হাসনাত আবদুল হাই,(1),TK. 400 TK. 344
সেরা দশ গল্প,ইমদাদুল হক মিলন,(2),TK. 350 TK. 301
ইহকালে এইসব হয়,ফয়েজ তৌহিদুল ইসলাম,(3),TK. 225 TK. 194
মায়াগন্ধা,মহিবুল আলম,(4),TK. 500 TK. 430
যাবজ্জীবন দীর্ঘশ্বাস,ইজাজ আহমেদ মিলন,(2),TK. 300 TK. 258
অরণ্যে তারুণ্যে,দন্ত্যস রওশন,(5),TK. 200 TK. 172
অতঃপর,লুৎফুন্নাহার পিকি,(4),TK. 250 TK. 215
কবচকুন্ডল,নাসরীন জাহান,(2),TK. 250 TK. 215
নারীর প্রেম তার বিচিত্র অনুভব,নাসরীন জাহান,(1),TK. 120 TK. 103
ছোটদের বেগম রোকেয়া,পূরবী বসু,(1),TK. 150 TK. 129
বুনোকে লেখা প্রেমপত্র,পীর হাবিবুর রহমান,(2),TK. 200 TK. 172
পুরনো রাস্তা নতুন পারাপার,শেলী রহমান,(1),TK. 400 TK. 344
কষ্টের রংধনু,মারুফুল ইসলাম,(1),TK. 280 TK. 241
দূর পৃথিবীর গন্ধে,নাসরীন জাহান,(1),TK. 65 TK. 56
অতিক্রম,সৈয়দ শামসুল হক,(1),TK. 120 TK. 103
উপন্যাস সমগ্র-৪,সেলিনা হোসেন,(1),TK. 750 TK. 645
জলধরের কীর্তি,হরিশংকর জলদাস,(1),TK. 250 TK. 215
সামান্তা,নাসরীন জাহান,(1),TK. 150 TK. 129
নিভৃতে সেদিন,প্রণব ভট্ট,(5),TK. 160 TK. 138
তৃতীয় পক্ষ,ফরহাদ হোসেন,(2),TK. 400 TK. 300
অধরা,আন্দালিব রাশদী,(3),TK. 200 TK. 172
বিশ্বনাট্যের গতিপ্রকৃতি ও অন্যান্য,রামেন্দু মজুমদার,(1),TK. 250 TK. 215
ডিকসন সাহেবের ভূত,ফরিদুর রেজা সাগর,(2),TK. 100 TK. 86
মিথ্যে তুমি দশ পিঁপড়ে,হাবীবুল্লাহ সিরাজী,(1),TK. 120 TK. 103
রবীন্দ্র-সাহিত্যের নায়িকারা দ্রোহে ও সমর্পণে,আহমদ রফিক,(1),TK. 450 TK. 387
আঠারো শতকের গদ্য,গোলাম মুরশিদ,(3),"TK. 1,250 TK. 1,075"
উপন্যাস সমগ্র-৫,সৈয়দ শামসুল হক,(2),TK. 500 TK. 430
সেরা গল্প ও কবিতা । ৬,মোমিন রহমান,(1),TK. 250 TK. 215
৯০ দশকের ৫টি উপন্যাস,হুমায়ূন আহমেদ,(9),TK. 600 TK. 516
নির্বাচিত গল্প,নাসরীন জাহান,(1),TK. 350 TK. 301
ব্রিটেনের রূপসী বাংলা ও আমাদের জীবনকথা,রায়হানা মাহবুব,(9),TK. 225 TK. 194
সাত অসুখের সাতকাহন,ডা. সজল আশফাক,(3),TK. 350 TK. 301
কাঠপেঁচা,নাসরীন জাহান,(3),TK. 100 TK. 86
সৌন্দর্য সংবাদ,রাবেয়া খাতুন,(2),TK. 50 TK. 43
উপন্যাস সমগ্র-৬,সৈয়দ শামসুল হক,(2),TK. 500 TK. 430
বাংলাদেশ উন্নয়ন ও ভবিষ্যৎ সম্ভাবনা,এ কে আব্দুল মোমেন,N/A,TK. 350 TK. 301
চেতনার উত্তরাধিকার : ভাষা দর্শন সংস্কৃতি,পুলক দেবনাথ,N/A,TK. 350 TK. 301
আবু ওসমানের নিজস্ব ভুল,পলাশ মাহবুব,(1),TK. 200 TK. 172
কুয়াশা ক্যাফে,পিয়াস মজিদ,(3),TK. 120 TK. 103
বাংলা টেলিভিশনের ৫০ বছর,ফরিদুর রেজা সাগর,(1),"TK. 1,000 TK. 860"
বোধ অবোধের মাঝামাঝি,মনজুরুল করিম,(3),TK. 350 TK. 301
ঝরে যাওয়া দিনগুলো,মির্জা নূর আহম্মদ,N/A,TK. 275 TK. 237
আপ্যায়ন,শওকত ওসমান (এশিয়ান),(2),TK. 550 TK. 473
টক অব দ্য টাউন,আবেদ খান,N/A,TK. 80 TK. 69
নাটক সমগ্র ১ম খণ্ড,আবদুল্লাহ আল মামুন (নাট্যকার),(1),TK. 400 TK. 344
বিশ্বসেরা রূপকথা,হাসান খুরশীদ রুমী,N/A,TK. 300 TK. 258
পুরনো ও নতুন কবিতা এবং অন্যান্য প্রসঙ্গে,ফরিদ কবির,(3),TK. 100 TK. 86
দুলিয়ে দাও রুমাল,সৈয়দ শামসুল হক,(1),TK. 75 TK. 65
"স্বর্গ নেই, আছে উপসর্গ",প্রভাষ আমিন,N/A,TK. 300 TK. 258
১০১ বিদেশী রান্না,মজহারুল ইসলাম,(4),TK. 600 TK. 516
স্বপ্নের সীমানায় পারাপার,জ্যোতিপ্রকাশ দত্ত,(1),TK. 120 TK. 103
স্নায়ু দিয়ে চেনা,নাসরীন জাহান,(2),TK. 150 TK. 129
শ্রেষ্ঠ উপন্যাস,রাবেয়া খাতুন,(1),TK. 250 TK. 215
জাদুবাস্তবতার টানে মার্কেসের কলম্বিয়ায়,রাজু আলাউদ্দিন,N/A,TK. 400 TK. 344
মেঘের ওপারে,লোপা কায়সার,(1),TK. 250 TK. 215
লোকটির চোখে কুয়াশা ছিল,মোহাম্মদ হোসেন,(2),TK. 50 TK. 43
চিকেন চয়েস,মজহারুল ইসলাম,(1),TK. 350 TK. 301
এবার আপনিই হাফ ডাক্তার,ডা. সজল আশফাক,(1),TK. 225 TK. 194
বৈশাখী মেঘের কান্না,মুনিয়া মাহমুদ,N/A,TK. 400 TK. 344
রানি দ্বিতীয় এলিজাবেথ ও মায়াবী দাঁড়কাক,হুসেইন ফজলুল বারী,N/A,TK. 500 TK. 430
তাসমান পাড়ে ভালোবাসার উৎসব,শামীম আল আমিন,(2),TK. 250 TK. 215
পৃথিবীর মানচিত্রে একটি মুজিব তুমি,আমির হামজা,(1),TK. 250 TK. 215
নৈঃশব্দের নগরী,মাসুদা ভাট্টি,(2),TK. 70 TK. 60
বিচূর্ণ ছায়া,নাসরীন জাহান,(1),TK. 100 TK. 86
আমি কবি,মোস্তফা কামাল,(1),TK. 250 TK. 215
শেষ থেকে শুরু,রেজানুর রহমান রেজা,(5),TK. 45 TK. 39
জালাল মাস্টারের সংসার,মজহারুল ইসলাম,(4),TK. 300 TK. 258
নিবেদন ইতি (উত্তরখণ্ড),মুস্তফা নূর-উল ইসলাম,N/A,TK. 300 TK. 258
তখনো জোছনা ছিল,প্রণব ভট্ট,(1),TK. 130 TK. 112
ও বন্ধু আমার,ইমদাদুল হক মিলন,(1),TK. 100 TK. 86
শ্যামলী তোমার মুখ,আবদুল মান্নান সৈয়দ,(1),TK. 150 TK. 129
পানেছার বানুর নকশীকাঁথা,হাসনাত আবদুল হাই,(2),TK. 275 TK. 237
উপন্যাস সমগ্র-৩,সৈয়দ শামসুল হক,(2),TK. 500 TK. 430
শঙ্খবতী মন,উম্মে সালমা মলি,(1),TK. 300 TK. 258
মেথর সমাচার,হায়দার বসুনিয়া,(2),TK. 220 TK. 189
পলাতকা,সিরাজুল ইসলাম (কথাশিল্পী),N/A,TK. 225 TK. 194
নির্বাচিত প্রেমের উপন্যাস,মঈনুল আহসান সাবের,(1),TK. 200 TK. 172
অটিজম : রহস্যময় এক মানসিক অবস্থা,ডঃ মোঃ আনোয়ার হোসেন বাবলু,N/A,TK. 300 TK. 258
বিলডাকিনি,নূরুদ্দিন জাহাঙ্গীর,(5),TK. 300 TK. 258
প্রবাসে প্রদোষে,ভূঁইয়া সফিকুল ইসলাম,(7),TK. 450 TK. 387
বেদনার বিবর্ণ বাকল,দেওয়ান লালন আহমেদ,N/A,TK. 225 TK. 194
মাটির মলাট,মহাদেব সাহা,N/A,TK. 100 TK. 86
অর্পিত পদাবলি,সৈয়দ শামসুল হক,(3),TK. 250 TK. 215
ফেলে যাওয়া রুমালখানি,ইমদাদুল হক মিলন,(2),TK. 200 TK. 172
কবিদের লেখা প্রেমের গল্প,ফরিদ কবির,(2),TK. 120 TK. 103
কাজল কালো চোখ,প্রণব ভট্ট,(1),TK. 80 TK. 69
কমলাসুন্দরী আর এক সন্ধ্যার কাহিনী,নাসরীন জাহান,(1),TK. 50 TK. 43
নির্বাচিত প্রবন্ধ,মুস্তাফা নূরউল ইসলাম,(1),TK. 170 TK. 146
কুয়াশার ভোর,রাবেয়া খাতুন,(2),TK. 200 TK. 172
সংরক্ষিত মহিলা আসন সরাসরি নির্বাচন,মালেকা বেগম,(1),TK. 60 TK. 52
নির্বাচিত প্রবন্ধ,আবুল মাল আবদুল মুহিত,(3),TK. 500 TK. 430
মায়ামুকুট,স্বকৃত নোমান,(1),TK. 400 TK. 344
সূর্যাস্তের শেষ রঙ,নাসরীন জাহান,(1),TK. 250 TK. 215
ক্রাইসিস,অরুণ কুমার বিশ্বাস,(3),TK. 250 TK. 215
নায়ক রাজ রাজ্জাক,মোমিন রহমান,(1),TK. 300 TK. 258
চাঁদের আলোয় রাগিব আলী এবং সে,মোস্তফা কামাল,(2),TK. 200 TK. 172
জিরো মোটিভ,অরুণ কুমার বিশ্বাস,N/A,TK. 300 TK. 258
বর্ণধারা,এনামুল করিম নির্ঝর,N/A,TK. 250 TK. 215
কিশোর ইন্টারনেট,জাকারিয়া স্বপন,(2),TK. 175 TK. 151
ক্রুশকাঠে কন্যা,নাসরীন জাহান,(1),TK. 200 TK. 172
একদিন জ্যোৎস্নাভাঙা রাতে,সুমন্ত আসলাম,(2),TK. 250 TK. 215
তাহার কথা খুব মনে পড়ে আজ,জামাল হোসেন,N/A,TK. 280 TK. 241
রোকেয়া ও রবীন্দ্রনাথ কাছে থেকেও দূরে,পূরবী বসু,N/A,TK. 200 TK. 172
বঙ্গবন্ধুর জন্মশতবর্ষে নির্বাচিত প্রবন্ধ,ড. হারুন অর রশিদ,N/A,TK. 750 TK. 645
রাজায় রাজায় যুদ্ধ : কিশোরদের জন্য প্রথম বিশ্বযুদ্ধের গল্প,মুনিয়া মাহমুদ,(2),TK. 250 TK. 215
রিমঝিম মাংসবিতান,পিয়াস মজিদ,N/A,TK. 250 TK. 215
মানুষ হবার কাল্পনিক গল্প,মাহমুদ আক্তার শরীফ,N/A,TK. 300 TK. 258
বঙ্গবন্ধু শেখ মুজিব যাঁর নামে আমাদের মুক্তিযুদ্ধ হয়েছিল,প্রকৌশলী মোঃ আনোয়ার হোসেন,(1),TK. 350 TK. 301
বাংলাদেশ তোমাকে প্রণাম,মহাদেব সাহা,(1),TK. 120 TK. 103
জননী সাহসিকা বেগম সুফিয়া কামাল শেষ প্রণতি,সৈয়দ শামসুল হক,N/A,TK. 150 TK. 129
ভ্রমণ নয়,ফরিদুর রেজা সাগর,(1),TK. 350 TK. 301
ঈশ্বরের বামহাত,নাসরীন জাহান,(1),TK. 350 TK. 301
শেষ ভ্রমণের আগে,তানভীর তারেক,N/A,TK. 400 TK. 344
আলিম বেগের খুলি,অরুণ কুমার বিশ্বাস,N/A,TK. 300 TK. 258
ঐতিহ্যের পিঠা,কানিজ আলমাস খান,(1),TK. 600 TK. 516
শেষের কবিতা (১৯২৯ - ২০১১),রবীন্দ্রনাথ ঠাকুর,(1),TK. 200 TK. 172
নিংসঙ্গতার পাহারাদার,নাসরীন জাহান,(1),TK. 225 TK. 194
প্যারিসের হ্যারিস সাহেব,ফরিদুর রেজা সাগর,(2),TK. 120 TK. 103
নিবেদন ইতি (পূর্বখণ্ড),মুস্তফা নূর-উল ইসলাম,N/A,TK. 250 TK. 215
দূর্বা শিশির ও পর্বতমালা,আবেদ চৌধুরী,(2),TK. 120 TK. 103
পাঁচ তারকা হোটলের রান্না,মজহারুল ইসলাম,(2),TK. 400 TK. 344
নক্ষত্রের রাত,হুমায়ূন আহমেদ,(20),TK. 280 TK. 241
Dreaming Raindrops,সাদ ইসলাম,(49),TK. 200 TK. 172
বাংলার গানের পাখি ফেরদৌসী রহমান,রফিকুল ইসলাম,N/A,TK. 500 TK. 430
সবুজ নীল লাল জামা,সৈয়দ শামসুল হক,(2),TK. 60 TK. 52
কবিতাপুর,শাহাবুদ্দীন নাগরী,(1),TK. 100 TK. 86
শ্রেষ্ঠ প্রবন্ধ,শামসুজ্জামান খান,N/A,TK. 500 TK. 430
উপন্যাস সমগ্র-১১,সৈয়দ শামসুল হক,N/A,TK. 500 TK. 430
রৌদ্রবেলা ও ঝরাফুল,মাসুদ আহমেদ,(1),TK. 250 TK. 215
শূন্যের ভিতরে,সিদ্ধার্থ হক,(2),TK. 250 TK. 215
হুমায়ূন আহমেদের ছোটগল্প বিষয়বৈচিত্র্য ও শিল্পরূপ,মুম রহমান,N/A,TK. 380 TK. 327
পথের শেষে,মাহবুবা হোসেইন,(1),TK. 225 TK. 194
ওইখানে যেয়ো নাকো তুমি,প্রণব ভট্ট,(1),TK. 125 TK. 108
অ্যালেনপোর বিড়াল,নাসরীন জাহান,(1),TK. 80 TK. 69
মেয়েটি ঢাকা যাচ্ছে,রাবেয়া খাতুন,(1),TK. 130 TK. 112
মৃত্যুসখীগণ,নাসরীন জাহান,(1),TK. 90 TK. 77
আধারে রঙিন রাখাল,নাসরীন জাহান,(2),TK. 100 TK. 86
কানাগলির মানুষেরা,সৈয়দ মনজুরুল ইসলাম,(2),TK. 350 TK. 301
হুমায়ূন আহমেদ হাসান আজিজুল হক এবং অন্যরা,মমিনুল ইসলাম,N/A,TK. 350 TK. 301
একজন আমলা-কবির উপাখ্যান,শাহাবুদ্দীন নাগরী,(1),TK. 200 TK. 172
তিন খুদে গোয়েন্দা,এলিজাবেথ আরিফা মুবাশশিরা,(1),TK. 120 TK. 103
স্বপ্নে দেখা মুখ,ইমদাদুল হক মিলন,(1),TK. 200 TK. 172
রাত্রি নামছে,সিদ্ধার্থ হক,N/A,TK. 300 TK. 258
একজীবনে টেলিভিশন,ফরিদুর রেজা সাগর,(1),TK. 550 TK. 473
মুনির চৌধুরী রচনা সমগ্র-২,আনিসুজ্জামান,N/A,TK. 500 TK. 430
কানামাছি কোন স্বপ্নে ছুট?,নাসরীন জাহান,(2),TK. 200 TK. 172
নির্বাচিত ১০০ কবিতা,শাহাবুদ্দীন নাগরী,N/A,TK. 250 TK. 215
আকাশে অনেক রাত,নাসরীন জাহান,(1),TK. 180 TK. 155
নির্বাচিত প্রবন্ধ,মুনতাসীর মামুন,(1),TK. 275 TK. 237
কুয়াশার ফণা,নাসরীন জাহান,(2),TK. 150 TK. 129
মেডিকেলে পড়ার দিনগুলো,শামছুন নাহার,(1),TK. 250 TK. 215
উৎকট তন্দ্রার নিচে,সৈয়দ শামসুল হক,(1),TK. 150 TK. 129
সেরা দশ গল্প,আনোয়ারা সৈয়দ হক,N/A,TK. 350 TK. 301
ষোলো বছরে শেখ হাসিনার সাফল্য,সুলতান মাহমুদ,N/A,TK. 600 TK. 516
সূর্যমুখীরা দুই বোন,পলাশ মাহবুব,N/A,TK. 200 TK. 172
নবিজী সাল্লাল্লাহু আলাইহি ওয়াসসাল্লাম,ড. মোহাম্মদ হাননান,(1),TK. 680 TK. 476
বিজন নীল জলে,মাসুদ আহমেদ,(1),TK. 300 TK. 258
ওয়াং সাহেবের ব্যাঙ,ফরিদুর রেজা সাগর,N/A,TK. 100 TK. 86
রাষ্ট্র রাইফেল ও ব্যক্তিমানুষের বয়ান,মাসুদুজ্জামান,(1),TK. 400 TK. 344
এবারও হাফডজন ছোটকাকু,ফরিদুর রেজা সাগর,(1),TK. 450 TK. 387
ঘুমহীন ক্যামভাস,সিদ্ধার্থ হক,N/A,TK. 50 TK. 43
মহাকালের ঘোড়া,ইরাজ আহমেদ,(1),TK. 240 TK. 206
অতঃপর হিরণ্ময়তা,ফারহানা হক,(2),TK. 175 TK. 151
যাত্রার শেষ সীমানা,রেজাউর রহমান,(1),TK. 200 TK. 172
গল্পকল্প ও বাঁচামরার জীবন,জ্যোতিপ্রকাশ দত্ত,N/A,TK. 60 TK. 52
স্বর্গলোকের ঘোড়া,নাসরীন জাহান,(1),TK. 150 TK. 129
যুদ্ধ যখন তাড়িয়ে বেড়াতো,আনা ইসলাম,(1),TK. 200 TK. 172
তৃতীয় বোধের নগর,মুজতবা আহমেদ মুরশেদ,(1),TK. 75 TK. 65
সেই সাপ জ্যান্ত,নাসরীন জাহান,(1),TK. 180 TK. 155
ঋষি ও নারী,মঈনুল আহসান সাবের,(2),TK. 100 TK. 86
কণার অনিশ্চিত যাত্রা,সিরাজুল ইসলাম চৌধুরী,(1),TK. 90 TK. 77
বধ্যভূমিতে বসন্ত বাতাস,সেলিনা হোসেন,N/A,TK. 500 TK. 430
বিরহী,প্রণব ভট্ট,(2),TK. 140 TK. 120
জোড়া শালিক,রেজানুর রহমান রেজা,(1),TK. 60 TK. 52
স্বপ্নবাড়ি,সৈয়দ শামসুল হক,(2),TK. 150 TK. 129
আর্নেস্ট হেমিংওয়ে সেরা দশ গল্প,মোজাফফর হোসেন,N/A,TK. 450 TK. 387
হিম শ্রাবণে এক মুঠো জোনাকির উষ্ণতা,কায়সার খসরু,N/A,TK. 250 TK. 215
বাংলার স্মরণীয় নারী,পূরবী বসু,(1),TK. 350 TK. 301
ফোড়া ফাটাইতে চাই,মোহাম্মদ কামরুজ্জামান (ব্যাংকার),(3),TK. 250 TK. 215
তিনটি মঞ্চনাটক,নাসরীন জাহান,(1),TK. 225 TK. 194
শূন্য নভে ভ্রমি,জ্যোতিপ্রকাশ দত্ত,(1),TK. 120 TK. 103
বঙ্গবন্ধু বাংলাদেশ - তারিক সুজাত,তারিক সুজাত,N/A,"TK. 1,200 TK. 1,032"
ভরা থাক স্মৃতি সুধায়,সিতারা পারভীন,(1),TK. 375 TK. 323
দুবাইয়ের দুবে সাহেব,ফরিদুর রেজা সাগর,(1),TK. 100 TK. 86
পাখি তুমি সেদিন রাতে কাঁদছিলে কেন?,নাসরীন জাহান,(1),TK. 75 TK. 65
কাচপোকা,জায়েদ ফরিদ,N/A,TK. 40 TK. 34
অস্বচ্ছ দূরবীন,ফজলুল আলম,(1),TK. 70 TK. 60
কবি ও একটি মেয়ে,ইমদাদুল হক মিলন,(1),TK. 200 TK. 172
আমি কবি,মোস্তফা কামাল,N/A,TK. 250 TK. 215
সিসেমের দ্বিতীয় দরজা,নাসরীন জাহান,N/A,TK. 200 TK. 172
আধুনিক পদ্যে প্রাচীন চর্যাপদ,কাদের মাহমুদ,(1),TK. 200 TK. 172
"পরমাণু বিদ্যুৎ, স্বাস্থ্য ও অন্যান্য প্রসঙ্গ",ডা. এম. এ. করীম,(2),TK. 300 TK. 258
বিবি হাওয়ার আপনজন ও নারীজীবনের অন্যান্য গল্প,জ্যোতিপ্রকাশ দত্ত,(2),TK. 250 TK. 215
হলিউডের হইচই সাহেব,ফরিদুর রেজা সাগর,(1),TK. 120 TK. 103
নক্ষত্র নিভে যায়,আহাদুজ্জামান মোহাম্মদ আলী,N/A,TK. 280 TK. 241
রুশ বিপ্লবের শতবর্ষ ও অন্যান্য,পিয়াস মজিদ,N/A,TK. 180 TK. 155
প্রার্থনার মতো একা,নওশাদ জামিল,(1),TK. 150 TK. 129
৩টি কিশোর উপন্যাস,স্বদেশ রায়,N/A,TK. 75 TK. 65
লাজুক লিরিক ২,মহাদেব সাহা,(1),TK. 60 TK. 52
সেরা দশ গল্প,রাবেয়া খাতুন,(1),TK. 300 TK. 258
জীবনানন্দ : কবি প্রেমিক ‍গৃহী,আহমদ রফিক,N/A,TK. 300 TK. 258
এইসব অনুভব,আহাদুজ্জামান মোহাম্মদ আলী,N/A,TK. 300 TK. 258
সুপারহিরো বুলু,আমের মোস্তাক,(1),TK. 120 TK. 103
গল্প পঞ্চাশৎ,জ্যোতিপ্রকাশ দত্ত,N/A,TK. 500 TK. 430
মদের গেলাসে নাচে বরফের ওম,নাসরীন জাহান,(1),TK. 200 TK. 172
ভেনিসের ডেনিশ সাহেব,ফরিদুর রেজা সাগর,(1),TK. 150 TK. 129
কার সাথে কে যায়,সৈয়দ হায়দার,(1),TK. 80 TK. 69
বাংলাদেশের সমকালীন গল্প (প্রাক পর্ব),আবুবকর সিদ্দিক,(1),TK. 350 TK. 301
আগুনের ফুল ফোঠে ঠোঁটে,শাহাবুদ্দীন নাগরী,N/A,TK. 50 TK. 43
সমুদ্রবন ও প্রণয়পুরুষ,রাবেয়া খাতুন,(1),TK. 180 TK. 155
আচ্ছা ছড়া বাচ্চা ছড়া,আলম তালুকদার,(1),TK. 150 TK. 129
কাছে থেকে দেখা শেখ মুজিব,ড. শেখ মেহেদী হাসান,N/A,TK. 600 TK. 516
মরু গুহা ও দ্বীপের গল্প,ফারুক মঈনউদ্দীন,N/A,TK. 450 TK. 387
দুই রমণী,আনোয়ারা সৈয়দ হক,(2),TK. 200 TK. 172
দায়ভাগ,নূরুদ্দিন জাহাঙ্গীর,N/A,TK. 350 TK. 301
শিশুদের রবীন্দ্রনাথ জীবন ও সৃষ্টি,আহমদ রফিক,(1),TK. 300 TK. 258
যখন সরোবরে ফুল ফোটে না,পূরবী বসু,(1),TK. 200 TK. 172
নির্ঝর সন্নিকেট,আবুল হায়াত,(2),TK. 70 TK. 60
সঙ্গীতের তত্ত্বকথা,ইলা মজুমদার,(1),TK. 85 TK. 73
ফজলুল হক অগ্রগামী ‍স্বাপ্নিক,আহমাদ মাযহার,N/A,TK. 500 TK. 430
নির্বাচিত ১০০ কবিতা,তুষার দাশ,N/A,TK. 250 TK. 215
মানুষ ও মুক্তিযুদ্ধের সংলাপগদ্য,রণজিৎ বিশ্বাস,(1),TK. 200 TK. 172
নির্বাচিত ১০০ ছড়া,আমীরুল ইসলাম,(1),TK. 300 TK. 258
উত্তর খুঁজে পাই না,ড. আলী আকবর মল্লিক,N/A,TK. 400 TK. 344
পাতাবাঁশি ও ওরা পাঁচজন,সালেহা চৌধুরী,N/A,TK. 100 TK. 86
সন্ধ্যার মেঘমালা,শহিদ হোসেন খোকন,N/A,TK. 90 TK. 77
তিতমৌ,হামিদ কায়সার,(1),TK. 80 TK. 69
নিঃসঙ্গতার পাখিরা,হক ফারুক,N/A,TK. 200 TK. 172
বাউণ্ডুলের আত্মকথন,হায়দার বসুনিয়া,(1),TK. 325 TK. 280
জ্বেলে রাখব আমার কবরে,মুহম্মদ নূরুল হুদা,(1),TK. 120 TK. 103
সাবলেট,সিদ্ধার্থ হক,N/A,TK. 280 TK. 241
আকবর রাজাকার হয়েছিল,শাহাবুদ্দীন নাগরী,(1),TK. 200 TK. 172
শিল্পের সারগাম,ফারুক সুমন,(1),TK. 280 TK. 241
দেবীনামা,ইমরান চৌধুরী,N/A,TK. 200 TK. 172
এ এক অদ্ভুত লজ্জা,নাসরীন জাহান,(1),TK. 200 TK. 172
ভাসমান,সিদ্ধার্থ হক,(1),TK. 175 TK. 151
Contemporary Social Concerns,ড. জুলফিকার আহমেদ আমিন,N/A,TK. 450 TK. 387
শাহবাগে ব্যালেরিনা,হাসনাত আবদুল হাই,N/A,TK. 350 TK. 301
কথা কও বায়ু,নাশাদ ময়ুখ,N/A,TK. 250 TK. 215
১০১টি পাঁচমিশালি রান্না,হাসিনা ইসলাম কলি,(2),TK. 550 TK. 473
একটি ভ্রমণের বেদনা,ভূঁইয়া সফিকুল ইসলাম,(1),TK. 250 TK. 215
গানে গানে জাগরণ,নাছিমা বেগম,(1),TK. 175 TK. 151
সেরা দশ গল্প,জ্যোতিপ্রকাশ দত্ত,(1),TK. 225 TK. 194
বর্ষা মেঘের দিন,অধ্যাপক ডাঃ শামছুন নাহার,N/A,TK. 225 TK. 194
কাজুও ইশিগুরোর গল্প,সম্পদ বড়ুয়া,N/A,TK. 450 TK. 387
কেবলই পিছনে তাকাই,হোসেন আবদুল মান্নান,N/A,TK. 300 TK. 258
সেরা গল্প ও কবিতা-৩,মোমিন রহমান,(1),TK. 250 TK. 215
পাঠানুরাগ ও বইয়ের বাজার,গোলাম মঈনউদ্দিন,(1),TK. 160 TK. 138
ক্রান্তিকালে প্রতারক,ফজলুল আলম,(1),TK. 85 TK. 73
উদ্ধত আয়ু,ফেরদৌস নাহার,(7),TK. 100 TK. 86
দরোজায় দাঁড়িয়ে আছি,শাহাবুদ্দীন নাগরী,(1),TK. 60 TK. 52
দুলে ওঠে রূপালি চাদর,শাহাবুদ্দীন নাগরী,(1),TK. 60 TK. 52
অন্যতমা অন্যদিকে যায়,নাসরীন জাহান,N/A,TK. 300 TK. 258
শামসুদ্দীন আবুল কালাম তাঁর অপ্রকাশিত চিঠি ও স্মৃতি,পূরবী বসু,N/A,TK. 400 TK. 344
লোকপুরাণ জনসমাজ ও কথাশিল্প,বিশ্বজিৎ ঘোষ,(1),TK. 400 TK. 344
নারী পুরুষ ও পরিবারের বিবর্তন,গরীব নেওয়াজ,N/A,"TK. 1,000 TK. 860"
লোনাজলে বসবাস,ফয়েজ তৌহিদুল ইসলাম,N/A,TK. 200 TK. 172
ফিরে যাবার পথ অনিশ্চিত,আনোয়ারা সৈয়দ হক,N/A,TK. 250 TK. 215
সকাল ভাঙা দিন,আরিফ মঈনুদ্দিন,(1),TK. 150 TK. 129
১৯৭১ পেছনে ফিরে দেখা,শামীমা জাফরিন,N/A,TK. 500 TK. 430
লজিং মাস্টার,সিদ্ধার্থ হক,(2),TK. 200 TK. 172
ফুলশার্ট,শাহাবুদ্দীন নাগরী,(1),TK. 200 TK. 172
চন্দ্রালোকে ছায়াহীন,জ্যোতিপ্রকাশ দত্ত,(1),TK. 220 TK. 189
রহস্য মানবী,কানিজ ফাতেমা,N/A,TK. 450 TK. 387
চিলেকোঠার ভূত,সামস আহমেদ,N/A,TK. 250 TK. 215
পণ্ডিতের প্রযোজিত যাত্রাপালা,তুষার দাশ,N/A,TK. 250 TK. 215
সড়ক নম্বর আনন্দ বাড়ি নম্বর বেদনা,ফয়েজ তৌহিদুল ইসলাম,N/A,TK. 200 TK. 172
উড়ে যায় নিশিপক্ষী,নাসরীন জাহান,(1),TK. 650 TK. 559
দাড়ি কমা এবং একটি পাখি,লোপা কায়সার,(1),TK. 225 TK. 194
ফিরে এসো তিশা,জামাল রেজা,N/A,TK. 280 TK. 241
বসন্তের কৃষ্ণচূড়া,আহমেদ সোহেল,(1),TK. 225 TK. 194
আমি এবং কয়েকটি প্রজাপতি,হুমায়ূন আহমেদ,(24),TK. 300 TK. 258
নানান দেশে নানান পথে - ১,মোহাম্মদ আলমগীর আলম,N/A,TK. 600 TK. 516
ত্রিপুরার গল্প,মজহারুল ইসলাম,N/A,TK. 300 TK. 258
মায়াবী শব্দ যত,মোঃ গোলাম রহমান,N/A,TK. 250 TK. 215
নির্বাচিত রবীন্দ্রনাথ,আহমদ রফিক,(1),TK. 450 TK. 387
মন মৃত্তিকা,ভাস্কর সাহা,(1),TK. 250 TK. 215
নির্বাচিত ১০০ ছড়া,আসলাম সানী,(1),TK. 250 TK. 215
মায়া মেঘ নির্জনতা,মুস্তাফিজ শফি,N/A,TK. 100 TK. 86
স্বপ্নে-সতীনে সব সত্যনাশ,আশরাফ আহমদ,N/A,TK. 150 TK. 129
মুহূর্ত নায়ক,রাবেয়া খাতুন,(1),TK. 120 TK. 103
মায়াবী সন্ধ্যার মাধুরী তুমি,আহমেদ মাসুদ ইকবাল,(1),TK. 280 TK. 241
অদৃশ্যগুচ্ছ,শিহাব শাহরিয়ার,N/A,TK. 180 TK. 155
সিংগাপুরের সিংহলী সাহেব,ফরিদুর রেজা সাগর,N/A,TK. 100 TK. 86
মুমু অথবা মম’র গল্প,মোমিন রহমান,(1),TK. 140 TK. 120
ঘূর্ণি নিলয়,সালেহ উদ্দিন আহমদ,(1),TK. 100 TK. 86
খান্নাছ,মাহমুদুল খান,N/A,TK. 60 TK. 52
পরানে বাজে বাঁশি,শহিদ হোসেন খোকন,(1),TK. 120 TK. 103
ঘন আঙরার দিন,তুষার দাশ,N/A,TK. 80 TK. 69
সুন্দরের সংগ্রাম ও বুদ্ধিবাদের ট্রাজেডি,মোঃ নজরুল ইসলাম,(1),TK. 100 TK. 86
নিভৃত নিলয়ে,আরিফ মঈনুদ্দীন,(1),TK. 100 TK. 86
"পাল্টায় নারী, বাহারী",আফসানা কিশোয়ার,(1),TK. 100 TK. 86
দূরে স্বাতীতারা জাগে,মারুফ রায়হান,N/A,TK. 50 TK. 43
কার্নিসে ঝুলন্ত গোলাপ,আনোয়ারা সৈয়দ হক,(1),TK. 275 TK. 237
ভেঙে যায় মধুর পেয়ালা,শাহাবুদ্দীন নাগরী,(1),TK. 100 TK. 86
ত্রয়ী,ফারহানা লিজা,N/A,TK. 250 TK. 215
পড়ে থাকে অহংকার,শিহাব শাহরিয়ার,N/A,TK. 200 TK. 172
বিশ্বাসীও নই ভণ্ডও নই,মারুফুল ইসলাম,N/A,TK. 280 TK. 241
ভূমিপুত্র,রেজা ঘটক,(2),TK. 200 TK. 172
ডুবে যেতে যেতে,আযীমুল হক,N/A,TK. 200 TK. 172
হাজার বছরের গ্রামবাংলা,শামছুন নাহার,N/A,TK. 250 TK. 215
দিগন্তে মেহেদী বনের ছায়া,রূমানা চৌধুরী,N/A,TK. 250 TK. 215
প্রাণপ্রপাত,মাসুদ আহমেদ,N/A,TK. 200 TK. 172
আমার উত্তরাধিকার,চৌধুরী নূর হুসাইন,N/A,TK. 500 TK. 430
ছোটদের বিদেশী গল্প,রাযী-উদ-দীন কুরেশী,N/A,TK. 60 TK. 52
আহমদ রফিক জীবনবাস্তবতার নান্দনিক কবি,মুনীর সিরাজ,(1),TK. 225 TK. 194
সেরা দশ গল্প,আহমাদ মোস্তফা কামাল,N/A,TK. 425 TK. 366
সেরা দশ গল্প,স্বকৃত নোমান,N/A,TK. 380 TK. 327
কেঁদে যায় বিকেলের শরীর,বীথি রহমান,(1),TK. 250 TK. 215
হৃদয়ের আয়না,শাহ্জাহান কবির সাজু,N/A,TK. 500 TK. 430
প্রত্যাশা,কাজী এনায়েত উল্লাহ,N/A,TK. 400 TK. 344
"গল্পের জীবন, জীবনের গল্প",মোহাম্মদ আলমগীর আলম,N/A,TK. 300 TK. 258
ভাবনার অনুরণন,মোহাম্মদ আলমগীর আলম,N/A,TK. 400 TK. 344
পরম সুন্দরী,মনিজা রহমান,N/A,TK. 550 TK. 473
স্বপ্নেরা বাড়ি ফেরে,মনিরুস সালেহীন,N/A,TK. 250 TK. 215
প্রেমের চিঠি,শহীদ হাসান পীযূষ,N/A,TK. 616 TK. 530
জ্যামিতি বাক্সের গল্প,রেজাউদ্দিন স্টালিন,(1),TK. 200 TK. 172
আহমদ রফিকের পথচলা,রইস উদ্দিন ভূঞা,(1),TK. 400 TK. 344
বর্ণিল শহর কেপটাউন,নাসের রহমান,N/A,TK. 300 TK. 258
আমার সঙ্গে শেখ মুজিবের দেখা হবে আজ,সাইফুল্লাহ মাহমুদ দুলাল,N/A,TK. 150 TK. 129
প্রাণে তোমার পরশখানি দিয়ো,জিসাস শাকিলা,N/A,TK. 200 TK. 172
দ্বিভা,জাকারিয়া ইমি,(1),TK. 150 TK. 129
কাসান্দ্রা ১৯৭৫,আনা ইসলাম,(1),TK. 150 TK. 129
আমার জীবন আমার কথা,নাদিরা মল্লিক,N/A,TK. 200 TK. 172
মৎস্যবতীর জলবাস কিংবা বনবাস,শৈলজানন্দ রায়,(1),TK. 50 TK. 43
নিঃসঙ্গ পথচারী,শামশাদ মান্নান,N/A,TK. 100 TK. 86
মনমঞ্জিল,রেজানুর রহমান রেজা,(1),TK. 80 TK. 69
অন্ধ যোদ্ধা,মঞ্জু সরকার,(1),TK. 200 TK. 172
মুছে যায় জলরং ছবি,শাহাবুদ্দীন নাগরী,(1),TK. 80 TK. 69
অনত প্রদীপ শিখা,মুনির সিরাজ,(1),TK. 50 TK. 43
জীবন মানে এই,নুরুল আমীন,N/A,TK. 140 TK. 120
সদাজাগ্রত একাত্তর,মুনীর আহমেদ,N/A,TK. 500 TK. 430
কেপ শ্যাঙ্ক বাতিঘর,মুনীর আহমেদ,N/A,TK. 600 TK. 516
বঙ্গবন্ধুর রাজনৈতিক অর্থনীতি,আবুল কাসেম,N/A,TK. 850 TK. 731
নির্বাচিত গল্প,মজহারুল ইসলাম,N/A,TK. 350 TK. 301
সেরা গল্প ও কবিতা-৪,মোমিন রহমান,(1),TK. 250 TK. 215
সইতে নারি কইতে পারি,পূরবী বসু,(1),TK. 250 TK. 215
বর্গাদার,নিরমিন শিমেল,(1),TK. 220 TK. 189
সারারাত শিশিরের কান্না,নাসরীন জাহান,N/A,TK. 250 TK. 215
অমল তরণী তার,জ্যোতিপ্রকাশ বসু,(1),TK. 120 TK. 103
ভিনগ্রহের অভিযাত্রী,কণিকা রশীদ,N/A,TK. 250 TK. 215
অন্তর্যামী অন্ধকারে,কমল খোন্দকার,N/A,TK. 300 TK. 258
মেঘের আড়াল থেকে,কণিকা রশীদ,(1),TK. 200 TK. 172
আঁধার পেরিয়ে,ড. মির্জা গোলাম সারোয়ার পিপিএম,N/A,TK. 250 TK. 215
দামিনী,রুপেল ইসলাম,(1),TK. 225 TK. 194
পরিবেশ বিপর্যয় ও সংরক্ষণ,ড. মোহাম্মদ জাহাঙ্গীর আলম,N/A,TK. 500 TK. 430
বঙ্গবন্ধু বাংলাদেশ - আবদুল মান্নান,আবদুল মান্নান,N/A,TK. 700 TK. 602
মৎস্যগন্ধ্যা,মোহাম্মদ রফিক,(1),TK. 45 TK. 39
সুন্দর সর্বনাশ,হাসানাত লোকমান,N/A,TK. 300 TK. 258
প্রচারবিমুখ,মাসুদ আহমেদ,N/A,TK. 225 TK. 169
আমর সর্বনাম,সাম্যসাথী ভৌমিক,N/A,TK. 250 TK. 215
রাহাতের রাত দিন,আসাদুদ জামান,N/A,TK. 250 TK. 215
সর্বংসহা,সাম্যসাথী ভৌমিক,N/A,TK. 300 TK. 258
শেষ সর্গ,আহাদুজ্জামান মোহাম্মদ আলী,N/A,TK. 300 TK. 258
নির্বাসিত জ্যোৎস্না,বখতিয়ার হোসেন,N/A,TK. 250 TK. 215
নিসর্গের কাব্য,গৌরাঙ্গ কুমার দত্ত,N/A,TK. 300 TK. 258
তৃষ্ণা আমার বক্ষজুড়ে,কমল খোন্দকার,N/A,TK. 280 TK. 241
দ্য গ্রেট,আরিফ মঈনুদ্দীন,N/A,TK. 325 TK. 280
প্যালেসে পানচিনি,ফরিদুর রেজা সাগর,N/A,TK. 150 TK. 129
নীলাক্ষি,মাহবুব হাসান সালেহ,N/A,TK. 200 TK. 172
লালু ভূত,আসাদুজ্জামান আসাদ,(1),TK. 200 TK. 172
আমি যোদ্ধা হবো,মাহবুব হাসান সালেহ,(1),TK. 200 TK. 172
আয় রে আমার গোলাপজাম,হাবীবুল্লাহ সিরাজী,N/A,TK. 150 TK. 129
প্রেমিকা ও নিঃসঙ্গতা,মুহাম্মদ আসিফ ইকবাল,N/A,TK. 400 TK. 344
দুই জীবনের বিষাদ,মারুফুল ইসলাম,N/A,TK. 280 TK. 241
উদ্যত তর্জনী,রুহুল আমিন,N/A,TK. 200 TK. 172
কৃষ্ণা,মাহবুব হাসান সালেহ,N/A,TK. 225 TK. 194
মাধবী তুমি,সামস আহমেদ,N/A,TK. 280 TK. 241
প্রদীপশিখা,কানিজ ফাতেমা,N/A,TK. 350 TK. 301
অসমাপ্ত,সোনিয়া তাসনিম খান,N/A,TK. 275 TK. 237
মধ্যবিত্ত,নেয়ামুল নাসির,(1),TK. 275 TK. 237
তুমি সতেরো আমি একুশ,জাহাঙ্গীর আলম,N/A,TK. 255 TK. 219
এই জল নদী ছিল,রেজা নুর,(2),TK. 150 TK. 129
ছয় সাহেবের গপপো,ফরিদুর রেজা সাগর,N/A,TK. 500 TK. 430
নোঙরে নিয়তির হাত,আরিফ মঈনুদ্দীন,N/A,TK. 100 TK. 86
স্বপ্নপোকার রোজনামচা,প্রগলভ তারিক,N/A,TK. 60 TK. 52
পথের মানুষ,আশরাফ আহমদ,N/A,TK. 60 TK. 52
কিশোরদের রবীন্দ্রনাথ জীবন ও সৃষ্টি,আহমদ রফিক,(1),TK. 300 TK. 258
একশত আটটি নীল পদ্ম,হান্নান হোসেন,(1),TK. 100 TK. 86
আকাশের পথে পথে,গোলাম মঈনউদ্দিন,(1),TK. 70 TK. 60
বন্দনা বৃষ্টির,মনজুরে মওলা,(1),TK. 70 TK. 60
পথের বাঁকে,প্রশান্ত লস্কর,N/A,TK. 120 TK. 103
রোদ কুয়াশার দিন,হারুন-আর-রশীদ,(1),TK. 150 TK. 129
শিক্ষাজীবনে সাফল্যের জাদুকরি কৌশল,আরাফাত শাহরিয়ার,N/A,TK. 380 TK. 327
প্রথম সমর্পণ,কাজী এনায়েত উল্লাহ,N/A,TK. 400 TK. 344
নিয়ন্ত্রিত পৃথিবী,কাজী এনায়েত উল্লাহ,N/A,TK. 350 TK. 301
অরুন্ধতীর সাতকাহন,নাদিয়া আফরিন,(6),TK. 400 TK. 344
দহন দিনে,কানিজ ফাতেমা,N/A,TK. 700 TK. 602
গোধূলির যাত্রা,কানিজ ফাতেমা,N/A,TK. 300 TK. 258
প্রেমল ঠাকুর,শ্রী প্রলয় মজুমদার,N/A,TK. 450 TK. 387
কবিতা জীবনের কথা বলে,মোহাম্মদ উল্লাহ,(1),TK. 200 TK. 172
নজরুল জীবনের গল্প,এডভোকেট সাহিদা বেগম,N/A,TK. 150 TK. 129
সেদিন সেই আমেরিকায়,আবুল কাসেম,N/A,TK. 350 TK. 301
আমি চিত্রাঙ্গদা,ইসমাত সুলতানা,N/A,TK. 150 TK. 129
সেরা গল্প ও কবিতা -৭,মোমিন রহমান,N/A,TK. 250 TK. 215
বসন্ত স্বপ্নের আলোছায়ায়,দিলরুবা শাহাদৎ,N/A,TK. 250 TK. 215
আজও রোমাঞ্চকরঃ স্বাধীনতার রক্তঝরা গল্প,ত্রিদিবকুমার চট্টোপাধ্যায়,N/A,TK. 300 TK. 258
স্মৃতির জানালা,নূরজাহান সরকার,(2),TK. 300 TK. 258
অন্তরীক্ষ,নাছিমা বেগম,(2),TK. 200 TK. 172
নির্বাচিত ১০০ কবিতা,সৈয়দ আল ফারুক,(1),TK. 350 TK. 301
আমাদের দেখা হবে,মনজুরুর রহমান,(1),TK. 100 TK. 86
সপ্ত ঋষি,কমল খোন্দকার,N/A,TK. 200 TK. 172
মাত্রাবৃত্ত,মারুফুল ইসলাম,N/A,TK. 150 TK. 129
একদিন কপোতাক্ষ ও অন্যান্য গল্প,রেজা নুর,(1),TK. 280 TK. 241
বিবাহযোগ,কানিজ ফাতেমা,N/A,TK. 400 TK. 344
নাটকের চতুর্থ পর্ব,মাহমুদ আখতার শরীফ,N/A,TK. 300 TK. 258
আসমানী পরিবহণ,লাকী আলী,N/A,TK. 275 TK. 237
ধবল শোক কিংবা মুক্তির গান,পারভীন সুলতানা,N/A,TK. 250 TK. 215
কোনো এক ললিতার গল্প,আলী হাসান,N/A,TK. 250 TK. 215
উরুবাম্বা নদীর তীরে,বুলবুল সিনহা,(1),TK. 120 TK. 103
দুঃখ কারাগার,শাহনাজ মুন্নী,N/A,TK. 350 TK. 301
অপরূপা,মাহবুব হাসান সালেহ,N/A,TK. 150 TK. 129
রহস্যময় মেঘ,কণিকা রশীদ,N/A,TK. 200 TK. 172
মেহেরজান আরেকবার,আবদুল্লাহ আল মামুন (নাট্যকার),N/A,TK. 50 TK. 43
বনকাপাসি - ২,মনোয়ারা নাজমুন,(1),TK. 120 TK. 103
আমাদের সুন্দর দেশ,বরেন্দ্র লাল ত্রিপুরা,(1),TK. 150 TK. 113
All The Quiet Places,শায়রা আফরিদা ঐশী,(2),TK. 275 TK. 237
একটি টক শো এবং কতিপয় অপরাধী,ফরিদুর রেজা সাগর,N/A,TK. 200 TK. 172
বারোয়ারি বারো গল্প,আমীরুল ইসলাম,N/A,TK. 480 TK. 413
কথাশিকারি,ফরিদুর রেজা সাগর,N/A,TK. 200 TK. 172
অনেক রঙের লেখা,ফরিদুর রেজা সাগর,N/A,TK. 225 TK. 194
আবোলতাবোল,সামস আহমেদ,N/A,TK. 400 TK. 344
ডিপ্রেশন,সিদ্ধার্থ হক,N/A,TK. 300 TK. 258
মায়াকানন,কণিকা রশীদ,N/A,TK. 300 TK. 258
আসামি সময়,মোহাম্মদ আলমগীর আলম,N/A,TK. 300 TK. 258
জীবনবোধের বোধন,মোহাম্মদ আলমগীর আলম,N/A,TK. 300 TK. 258
খণ্ডিত আকাশ,সামস আহমেদ,N/A,TK. 250 TK. 215
চৈত্রে একাকি,মারুফুল ইসলাম,N/A,TK. 300 TK. 258
শেখ হাসিনা প্রগতি ও উন্নয়নের আলোকবর্তিকা,রেহানা সুলতানা,N/A,"TK. 1,000 TK. 860"
পাষাণ হিয়ার ঘাটে,ফওজিয়া বানু,N/A,TK. 250 TK. 215
তোমাতে করো গণ্য,আব্দুল মান্নান শিকদার,N/A,TK. 250 TK. 215
তৃষ্ণা বৃক্ষযাত্রা,মারুফুল ইসলাম,N/A,TK. 300 TK. 258
মর্মমূলে চোখ,মারুফুল ইসলাম,N/A,TK. 350 TK. 301
রিক্ত হবে রাত,আব্দুল মান্নান শিকদার,(2),TK. 280 TK. 241
জলের রঙে লেখা,ফওজিয়া বানু,N/A,TK. 250 TK. 215
"খিদে পায়, শিবঠাকুর কাঁদে",ব্রতী মুখোপাধ্যায়,N/A,TK. 160 TK. 138
আলো অন্ধকারে যাই,রবীন্দ্রনাথ রায় চৌধুরী,N/A,TK. 120 TK. 103
ডানাকাটা কথা,সাজ্‌জাদ আরেফিন,N/A,TK. 150 TK. 129
নির্বাচিত ১০০ কবিতা,সৈয়দ আল ফারুক,(1),TK. 350 TK. 301
নির্বাচিত ১০০ কবিতা,নূহ-উল-আলম লেনিন,(1),TK. 300 TK. 258
নির্বাচিত ১০০ কবিতা,ভূঁইয়া সফিকুল ইসলাম,N/A,TK. 270 TK. 232
আঁধারকন্যা,কণিকা রশীদ,N/A,TK. 200 TK. 172
তোমার বাড়ি কতদূর,সাইফুল্লাহ মাহমুদ দুলাল,N/A,TK. 150 TK. 129
বঙ্কুর বিজয়,কণিকা রশীদ,(1),TK. 200 TK. 172
ঘটোন্যাস,এনামুল হক অপু,(1),TK. 150 TK. 129
অচিন নান্দীকর,জিয়া সাঈদ,(1),TK. 200 TK. 172
সেরা গল্প ও কবিতা-৫,আবদুল্লাহ নাসের,(1),TK. 250 TK. 215
ভরদুপুরের বিভূতিভূষণ,পিয়াস মজিদ,N/A,TK. 250 TK. 215
একশ প্রেম,রাজু আলীম,N/A,TK. 350 TK. 301
ভালোবাসার গল্প,মুহম্মদ আসাদুজ্জামান,N/A,TK. 250 TK. 215
গোধূলির পরে,সৈয়দ রফিকুল ইসলাম,N/A,TK. 275 TK. 237
নির্বাচিত ১০০ কবিতা,মিনার মনসুর,N/A,TK. 350 TK. 301
প্রাবচনিক,মারুফুল ইসলাম,N/A,TK. 280 TK. 241
প্রিয় পৃথিবীকে খুঁজি,তারিক সুজাত,N/A,TK. 250 TK. 215
নিঃসঙ্গ নদীছায়া,শিহাব শাহরিয়ার,N/A,TK. 250 TK. 215
জাদুকরী ছুরি,মারুফুল ইসলাম,N/A,TK. 250 TK. 215
অনুভবে অথই অবগাহন,মারুফুল ইসলাম,N/A,TK. 250 TK. 215
আজ বরং একটা গল্প বলি,মারুফুল ইসলাম,N/A,TK. 250 TK. 215
মেঘবালিকা,আব্দুল মান্নান শিকদার,N/A,TK. 280 TK. 241
মেঘদরিয়ার মাঝি,হক ফারুক,N/A,TK. 225 TK. 194
নির্বাচিত কবিতা,আশরাফ আহমদ,N/A,TK. 350 TK. 301
রুপাকাহিনির জিনাতপর্ব,শাহাবুদ্দীন নাগরী,N/A,TK. 200 TK. 172
ছানাবড়া,মোহাম্মদ তাজুল ইসলাম,(1),TK. 300 TK. 258
মেঘলার সোনালি দিন,কণিকা রশীদ,N/A,TK. 150 TK. 129
ইভটিজার ও একটি ছায়াবিম্ব,নিরমিন শিমেল,(1),TK. 150 TK. 129
সমিল শব্দের তীর,ভূঁইয়া সফিকুল ইসলাম,(1),TK. 300 TK. 258
জলের নিচে জলছায়া,শাহাবুদ্দীন নাগরী,(1),TK. 100 TK. 86
বঙ্গবন্ধুর মাতৃভাষাপ্রীতি,আবুল কাসেম,N/A,TK. 400 TK. 344
দেহঘর,রুপি কৌর,N/A,TK. 500 TK. 430
পরানে মোর দোতারা,রূমানা আহমদ চৌধুরী,N/A,TK. 250 TK. 215
বেদনার জলছবি,হোসেন আবদুল মান্নান,N/A,TK. 400 TK. 344
"যুদ্ধ, জননী ও একজন ওমার",কণিকা রশীদ,N/A,TK. 400 TK. 344
ভালোবাসি অতলান্ত সমুদ্রের গভীরতায়,জামাল হোসেন,N/A,TK. 400 TK. 344
বেদনাচর,আব্দুল মান্নান শিকদার,N/A,TK. 300 TK. 258
নিঃসঙ্গ চাঁদ,সামস আহমেদ,N/A,TK. 300 TK. 258
সোনামণিদের ছড়া জীবজন্তু,ড. ধনঞ্জয় সাহা,N/A,TK. 250 TK. 215
বিস্মৃত বাঙালির বিভ্রান্ত বীক্ষণ,ড. রতন সিদ্দিকী,N/A,TK. 300 TK. 258
ইচ্ছেপাখি,সামস আহমেদ,N/A,TK. 500 TK. 430
মন চন্দ্রকিরণ,মারুফুল ইসলাম,N/A,TK. 500 TK. 430
আমি তোমাকে মায়াবাসি অথবা করোনা করুণেরগান,নাসরীন জাহান,N/A,TK. 200 TK. 172
অসমাপ্ত অনুভূতি,শাহ্জাহান কবির সাজু,N/A,TK. 500 TK. 430
রহিম সাহেবের হাত ও আরেক পৃথিবী,ফরিদুর রেজা সাগর,N/A,TK. 280 TK. 241
"যুদ্ধ, ভালোবাসা ও বিবর্তনের গল্প",শ্যামাপদ বিশ্বাস,N/A,"TK. 1,200 TK. 1,032"
সারা রাত বিড়ালের শব্দ,নাসরীন জাহান,N/A,TK. 150 TK. 129
উপন্যাস সমগ্র-১,নাসরীন জাহান,N/A,TK. 250 TK. 215
স্মৃতিধার্য্য,শ্রী প্রলয় মজুমদার,N/A,TK. 800 TK. 688
যজনীয় জীবন,শ্রী প্রলয় মজুমদার,N/A,TK. 600 TK. 516
অপ্রেম,সিদ্ধার্থ হক,N/A,TK. 300 TK. 258
মহাজগৎ,সিদ্ধার্থ হক,N/A,TK. 400 TK. 344
দহগ্রাম,মারুফুল ইসলাম,N/A,TK. 250 TK. 215
সুন্দর খেলা করে,আব্দুল মান্নান শিকদার,N/A,TK. 250 TK. 215
অঙ্গারের মতোন বিরহ,ভূঁইয়া সফিকুল ইসলাম,N/A,TK. 150 TK. 129
খণ্ড-অখণ্ড,মোস্তাক আহমেদ পলাশ,N/A,TK. 250 TK. 215
"দূরে, তবু দূরে নয়",মযহারুল ইসলাম,N/A,TK. 200 TK. 172
চন্দ্রবিন্দু,দিল আফরোজ বিনতে আছির,(1),TK. 250 TK. 215
মেঘের আত্মহনন,আছাদুজ্জামান,N/A,TK. 150 TK. 129
রুপকাহিনির জিনাতপর্ব,শাহাবুদ্দীন নাগরী,(1),TK. 200 TK. 172
রমিজ মিয়া,আসাদুজ্জামান আসাদ,(1),TK. 200 TK. 172
পোড়া পাখির খাঁচা,জাকিয়া নাজনীন,(2),TK. 150 TK. 129
আমারে রেখেছো বনসাই করে,গোলাম শফিক,N/A,TK. 250 TK. 215
বিলাপ বৈ কিছু নয়,সাদিয়া স্বাতী,N/A,TK. 150 TK. 129
চোখে ভিন্ন রং,নাসরিন সাথী,N/A,TK. 275 TK. 237
অসমাপ্ত অবশেষে,নাসরিন সাথী,N/A,TK. 275 TK. 237
জলের আলপনায়,আহসান কবির,N/A,TK. 200 TK. 172
বনফুলের হাতছানি,কণিকা রশীদ,(1),TK. 200 TK. 172
ক্রমাগত গহীনে যাত্রা,তিমির বরণ বসাক,(1),TK. 300 TK. 258
নদীটা রেখে যাও,সুমী সিকানদার,(1),TK. 100 TK. 86
তবু আছে তারা ও জোনাকি,ভূঁইয়া সফিকুল ইসলাম,(2),TK. 150 TK. 129
নাটুর কীর্তি,কণিকা রশীদ,N/A,TK. 225 TK. 194
শিশিরের আয়না ও অন্যান্য গল্প,রেজা নুর,(1),TK. 200 TK. 172
জ্যোঃস্নাভর্তি ক্যারাভ্যানে আমি নেই,শাহাবুদ্দীন নাগরী,N/A,TK. 170 TK. 146
নতুন করে পাব বলে,মারুফুল ইসলাম,N/A,TK. 280 TK. 241
মাইনর মানুষ,সিদ্ধার্থ হক,N/A,TK. 500 TK. 430
এই মন এই দেহ,রেজা নুর,(1),TK. 250 TK. 215
জিজ্ঞাসায় ভালোবাসায়,মুহাম্মদ আসিফ ইকবাল,N/A,TK. 400 TK. 344
শ্রাবণ জোছনায়,প্রকৌ. সফিকুল ইসলাম ভূঁঞা,N/A,TK. 300 TK. 258
হৃদয়ের কূলে কূলে,শামছুন নাহার,N/A,TK. 275 TK. 237
অহর্নিশ প্রত্যাশা,সেরনিয়াবাত আবুল বাশার,N/A,TK. 350 TK. 301
বসন্ত অবশেষে,শেলী রহমান,N/A,TK. 350 TK. 301
তোমাকে অভিনন্দন প্রিয়তমা,জাহিদ রেজা,N/A,TK. 480 TK. 413
মোশতাক আহমেদের 'ফাগুন ভালোবাসা' কালেকশন,মোশতাক আহমেদ,N/A,TK. 700 TK. 560
বনকাপাসি - ১,মনোয়ারা নাজমুন,(1),TK. 120 TK. 103
যবনিকাপাত,মনোয়ারা নাজমুন,(1),TK. 70 TK. 60
আকাশের ওপারে আকাশ,শহিদ হোসেন খোকন,N/A,TK. 100 TK. 86
আমার কিছু কথা,নূরজাহান মুরশিদ,N/A,TK. 425 TK. 366
উড়েছ দূরের বসন্তে,শিহাব শাহরিয়ার,N/A,TK. 200 TK. 172
লি,নাসরীন জাহান,(1),TK. 60 TK. 52
প্রিয়তম অসুখ সে,সাদাত হোসাইন,(68),TK. 700 TK. 602
Lingering Look At Days Gone By Humayun Ahmed,শফি আহমেদ,(1),TK. 700 TK. 602
মোটিভেশন প্রতিদিন,ড. তাবারক হোসেন,(73),TK. 350 TK. 301
অলিন্দ অনলে,মৌরি মরিয়ম,(29),TK. 580 TK. 499
হলুদ হিমু কালো র‌্যাব,হুমায়ূন আহমেদ,(46),TK. 300 TK. 225
দেয়াল ভাঙার গান,মৌরি মরিয়ম,(26),TK. 650 TK. 488
শুভ্র,হুমায়ূন আহমেদ,(32),TK. 500 TK. 430
নিঃসঙ্গতার একশ বছর,গাব্রিয়েল গার্সিয়া মার্কেজ,(12),TK. 850 TK. 731
Selected Poems,মাহবুব হাসান সালেহ,N/A,TK. 300 TK. 258
এই বসন্তে,হুমায়ূন আহমেদ,(17),TK. 300 TK. 258
ব্যাঙ কন্যা এলেং,হুমায়ূন আহমেদ,(18),TK. 150 TK. 129
Celebrating Relationships,Dr. Naushaba Singh,N/A,"TK. 2,950 TK. 2,537"
কিংবদন্তির খনা ও খনার বচন,পূরবী বসু,(7),TK. 225 TK. 194
নক্ষত্র-নূপুর,এশরার লতিফ,(10),TK. 800 TK. 688
নায়িকা সংবাদ,শানজানা আলম,(27),TK. 400 TK. 344
হুমায়ূন আহমেদ রচনাবলী - ১,হুমায়ূন আহমেদ,(8),TK. 800 TK. 600
যোজন যোজন দূর,ফরহাদ হোসেন,(10),TK. 400 TK. 300
খেদু মিয়া,অসীম হিমেল,(12),TK. 280 TK. 241
গবেষণায় বায়োইনফরমেটিক্স - ১ম খণ্ড,মোহাম্মদ উজ্জ্বল হোসেন,(4),TK. 450 TK. 387
আমি,হুমায়ূন আহমেদ,(12),TK. 500 TK. 430
গর্ভবতীর এ টু জেড,ডা. সজল আশফাক,(7),TK. 250 TK. 215
কাকারু,হুমায়ূন আহমেদ,(13),TK. 170 TK. 146
কাক ও কাঠগোলাপ,হুমায়ূন আহমেদ,(9),TK. 150 TK. 129
মধ্যাহ্ন- ২,হুমায়ূন আহমেদ,(14),TK. 400 TK. 344
মহাবিপদে পাঁচ গোয়েন্দা,সুমন্ত আসলাম,(14),TK. 200 TK. 172
কৃষ্ণচূড়ার দিন,ফারহানা সিনথিয়া,(12),TK. 400 TK. 300
বৃক্ষকথা,হুমায়ূন আহমেদ,(18),TK. 300 TK. 258
মধ্যাহ্ন - ১,হুমায়ূন আহমেদ,(22),TK. 400 TK. 344
রাজার কুমার নিনিত,হুমায়ূন আহমেদ,(8),TK. 150 TK. 129
নাক কান গলার অসুখ এ টু জেড,ডা. সজল আশফাক,(4),TK. 200 TK. 172
"এংগা, বেংগা, চেংগা",হুমায়ূন আহমেদ,(7),TK. 150 TK. 129
সেই সময় (১৯০১-১৯৭১),হুমায়ূন আহমেদ,(22),"TK. 1,000 TK. 860"
স্বপ্নচূড়া,মৌলী আখন্দ,(7),TK. 400 TK. 344
হুমায়ূন আহমেদ রচনাবলী-৫,হুমায়ূন আহমেদ,(4),TK. 800 TK. 688
স্বপ্নজাল,ফরহাদ হোসেন,(9),TK. 400 TK. 344
বিষাদ,ইমরান কায়েস,(2),TK. 200 TK. 172
নিমজ্জিত জলপুষ্প,শানজানা আলম,(10),TK. 250 TK. 188
ক্লাস সেভেন ১৯৭৮,শাকুর মজিদ,(7),TK. 200 TK. 172
ক্যাডেটের ডায়েরি,শাকুর মজিদ,(10),TK. 225 TK. 194
ফেরারি বসন্ত,আফিফা পারভীন,(21),TK. 800 TK. 688
দ্বিতীয় জীবন,ফারহানা সিনথিয়া,(4),TK. 300 TK. 258
বাংলাদেশের শিক্ষা ব্যবস্থা ও পরীক্ষা পদ্ধতির ইতিহাস,ড. মোহাম্মদ হাননান,(2),TK. 300 TK. 258
শিশুকিশোর রচনাবলী -১ম খণ্ড,হুমায়ূন আহমেদ,(4),"TK. 1,000 TK. 860"
শিশুকিশোর রচনাবলী -২য় খণ্ড,হুমায়ূন আহমেদ,(2),"TK. 1,000 TK. 860"
মানবিক ব্যাংকিং,আতিউর রহমান,(6),TK. 450 TK. 387
ফার্স্ট এইড,ডা. মিজানুর রহমান কল্লোল,N/A,TK. 250 TK. 215
টগর অ্যান্ড জেরি,হুমায়ূন আহমেদ,(8),TK. 150 TK. 129
১০১ টি ভর্তা,মাজহারুল ইসলাম,(2),TK. 500 TK. 430
৯০ দশকের নির্বাচিত পাঁচটি উপন্যাস,হুমায়ূন আহমেদ,(2),TK. 600 TK. 516
হুমায়ূন আহমেদ রচনাবলী ৮,হুমায়ূন আহমেদ,(7),TK. 800 TK. 688
বাছাই গল্প,হুমায়ূন আহমেদ,(7),TK. 350 TK. 301
রূপকথন,বন্যা হোসেন,(10),TK. 450 TK. 387
হুমায়ূন আহমেদ রচনাবলী ১০,হুমায়ূন আহমেদ,(1),TK. 800 TK. 688
নির্বাচিত সায়েন্স ফিকশন,হুমায়ূন আহমেদ,(9),TK. 650 TK. 559
সক্রেটিসের বাড়ি,শাকুর মজিদ,(3),TK. 200 TK. 172
নির্বাচিত কিশোর উপন্যাস,হুমায়ূন আহমেদ,(9),TK. 350 TK. 263
কানী ডাইনী,হুমায়ূন আহমেদ,(6),TK. 150 TK. 129
মিরখাইয়ের অটোগ্রাফ,হুমায়ূন আহমেদ,(10),TK. 100 TK. 86
পরাধীনতা,ইমদাদুল হক মিলন,(4),TK. 350 TK. 301
বোকা রাজার সোনার সিংহাসন,হুমায়ূন আহমেদ,(8),TK. 150 TK. 129
মুনীর চৌধুরী,আনিসুজ্জামান,(1),TK. 150 TK. 129
সুশাসনের সন্ধানে,আতিউর রহমান,(5),TK. 325 TK. 280
অদ্ভুত সব উপন্যাস,হুমায়ূন আহমেদ,(7),TK. 600 TK. 516
খুন হয়ে যাচ্ছে সব সাদেক,মোজাফফর হোসেন,(3),TK. 200 TK. 172
নির্বাচিত ১০০ কবিতা,শামসুর রাহমান,(5),TK. 300 TK. 258
নির্বাচিত রাজনৈতিক প্রবন্ধ,সিরাজুল ইসলাম চৌধুরী,(3),TK. 175 TK. 151
চিলড্রেন অব ইসরাইলের সন্ধানে,এ জেড এম আলমগীর,(2),TK. 175 TK. 151
হুমায়ূন আহমেদের হাতে পাঁচটি নীল পদ্ম,হুমায়ূন আহমেদ,(8),TK. 700 TK. 602
রাসেল বলছি,মোস্তফা কামাল,(2),TK. 250 TK. 215
দৌড় বিষয়ে যত কথা,হারুকি মুরাকামি,(2),TK. 300 TK. 258
রিপোর্টারের সোর্স,তুষার আবদুল্লাহ্,(2),TK. 200 TK. 172
দ্য কনসার্ট ফর বাংলাদেশ,শামীম আল আমিন,(3),TK. 300 TK. 258
ছোটদের জন্য এক ব্যাগ হুমায়ূন,হুমায়ূন আহমেদ,(7),TK. 600 TK. 516
শিকার,মোশতাক আহমেদ,(6),TK. 300 TK. 258
শ্রেষ্ঠ কবিতা,সৈয়দ শামসুল হক,(3),TK. 300 TK. 258
আকাশে হেলান দিয়ে পাহাড় ঘুমায়,আফিফা পারভীন,(29),"TK. 1,000 TK. 860"
প্রেসক্রিপশন প্রতিদিন,ডা. সজল আশফাক,(4),TK. 150 TK. 129
দ্বিতীয় দিনের কাহিনী,সৈয়দ শামসুল হক,(5),TK. 200 TK. 172
দুই দু’গুণে পাঁচ,অধ্যাপক আতাউর রহমান,(2),TK. 200 TK. 172
বঙ্গবন্ধুর নির্বাচিত ১০০ উক্তি,রহমতউল্লাহ লতিফ,N/A,TK. 300 TK. 225
রূপবতী,মোস্তফা কামাল,(2),TK. 225 TK. 194
এখানে অনেকদিন বৃষ্টি হয় না,বীথি রহমান,(3),TK. 200 TK. 150
তবু জার্মানি,রাবেয়া খাতুন,(4),TK. 150 TK. 129
ফাল্গুনের রাতের আঁধারে,আনিসুল হক,(1),TK. 150 TK. 129
এগিয়ে যাওয়ার অর্থনীতি,মামুন রশীদ (ব্যাংকার),(1),TK. 200 TK. 172
তোমার নামে সন্ধ্যা নামে,সাদাত হোসাইন,(236),TK. 600 TK. 516
প্রজেক্ট হাইপার,মোশতাক আহমেদ,(4),TK. 300 TK. 258
হুমায়ূন আহমেদ স্মারকগ্রন্থ,আনিসুজ্জামান,(1),TK. 600 TK. 516
নির্বাচিত ১০০ কবিতা,সৈয়দ শামসুল হক,(2),TK. 350 TK. 301
বঙ্গবন্ধুর সমাধিতে,সৈয়দ শামসুল হক,N/A,TK. 280 TK. 241
দ্বন্দ্বসূত্র,বিরূপাক্ষ পাল,(1),TK. 300 TK. 258
নির্বাচিত গল্প,হুমায়ূন আহমেদ,(5),TK. 400 TK. 344
বিদ্যাসাগর ও অন্যেরা,আনিসুজ্জামান,N/A,TK. 300 TK. 258
নিঃসঙ্গ মোহনায়,মোঃ সিরাজুল ইসলাম এফসিএ,(1),TK. 400 TK. 344
বাংলাদেশের সংবিধান : নানা প্রসঙ্গ,আহমেদ জাভেদ,(1),TK. 550 TK. 473
ছোটদের জন্য মুক্তিযুদ্ধের পাঁচটি উপন্যাস,আনোয়ারা সৈয়দ হক,N/A,TK. 300 TK. 225
কৃষি বাজেট কৃষকের বাজেট,শাইখ সিরাজ,(8),TK. 450 TK. 387
নভেরা বিভূঁইয়ে স্বভূমে,আনা ইসলাম,N/A,"TK. 1,500 TK. 1,290"
১৮৫৭ এবং তারপর,সিরাজুল ইসলাম চৌধুরী,(1),TK. 300 TK. 258
How to Become a Successful Student,সাদ ইসলাম,(53),TK. 320 TK. 275
দাম্পত্য স্বাস্থ্য,ডা. সজল আশফাক,(3),TK. 200 TK. 172
উপন্যাস সমগ্র-২,সেলিনা হোসেন,(3),TK. 600 TK. 516
ব্রেসলেট,ড. তাবারক হোসেন,(2),TK. 300 TK. 258
সেরা দশ গল্প,আনিসুল হক,(1),TK. 225 TK. 194
শঙ্খচূড়,সাদাত হোসাইন,(40),TK. 700 TK. 602
আলেকজান্ডারের দেশ এবং অন্যান্য,রাবেয়া খাতুন,(2),TK. 225 TK. 194
উপন্যাস সমগ্র-১,সৈয়দ শামসুল হক,(2),TK. 500 TK. 430
রাজনৈতিক কবিতা,শামসুর রাহমান,(1),TK. 180 TK. 155
গোরস্তানে কোকিলের করুণ আহ্বান,শামসুর রাহমান,(2),TK. 80 TK. 69
তিন পর্বের জীবন,সৈয়দ মনজুরুল ইসলাম,(1),TK. 200 TK. 150
নির্বাচিত ১০০ ছড়া,লুৎফর রহমান রিটন,(1),TK. 300 TK. 258
ছায়াপথে অনুরণন,বিপাশা বাশার,(5),TK. 350 TK. 263
সেরা দশ গল্প,সৈয়দ শামসুল হক,(2),TK. 300 TK. 258
ডাক্তার আসিবার পূর্বে,ডা. সজল আশফাক,(2),TK. 225 TK. 194
ভালোবাসি আশ্চর্য মেঘদল,আনিসুল হক,(2),TK. 150 TK. 129
হাফ ডজন ছোট কাকু,ফরিদুর রেজা সাগর,(3),TK. 500 TK. 430
ছোবল,হাসান আজিজুল হক,N/A,TK. 120 TK. 103
অনল মিত্রের অপমৃত্যু,অরুণ কুমার বিশ্বাস,N/A,TK. 280 TK. 241
উপন্যাস সমগ্র-২,সৈয়দ শামসুল হক,(3),TK. 500 TK. 430
তুমি রবে নীরবে,সুমন্ত আসলাম,(5),TK. 200 TK. 172
উইলিয়াম শেকসপীয়রের তিনটি নাটক,সৈয়দ শামসুল হক,(1),TK. 500 TK. 430
পুড়িব একাকী,মুস্তাফা জামান আব্বাসী,(1),TK. 500 TK. 430
MAGGI ১০ মিনিটের রান্না,রহিমা সুলতানা রীতা,(3),TK. 550 TK. 473
সম্পাদকের জবানবন্দি,গোলাম সারওয়ার,N/A,TK. 150 TK. 129
"কেমন আছ, সবুজপাতা",ইমদাদুল হক মিলন,(3),TK. 350 TK. 301
শরীর নামের মহাশয়,ডা. সজল আশফাক,(2),TK. 200 TK. 172
হুমায়ূন আহমেদের মাকড়সাভীতি এবং অন্যান্য,মজহারুল ইসলাম,N/A,TK. 350 TK. 263
কালাপানি,শাকুর মজিদ,(2),TK. 120 TK. 103
অশেষ রবীন্দ্রনাথ,বিশ্বজিৎ ঘোষ,N/A,TK. 500 TK. 375
নির্বাচিত হিমু,হুমায়ূন আহমেদ,(10),TK. 800 TK. 688
সেরা পাঁচ সায়েন্স ফিকশন,মোশতাক আহমেদ,(2),"TK. 1,000 TK. 860"
বাংলার শত ফুল,মোকারম হোসেন,(2),TK. 750 TK. 645
শৌখিনদার হুমায়ূন,সালেহ চৌধুরী,(2),TK. 220 TK. 189
স্বপ্নের শহর রোম ও ফ্লোরেন্স,রাবেয়া খাতুন,(1),TK. 120 TK. 103
মধ্যরাতে সাত মাইল,রাবেয়া খাতুন,(2),TK. 65 TK. 56
রচনা সমগ্র-৪,আবদুল্লাহ আবু সায়ীদ,(1),TK. 500 TK. 430
প্রেম ও প্রার্থনার গল্প (প্রথম আলো বর্ষসেরা বই ১৪১১),সৈয়দ মনজুরুল ইসলাম,(4),TK. 250 TK. 215
আধখানা মানুষ,সৈয়দ মনজুরুল ইসলাম,(1),TK. 90 TK. 68
আইনস্টাইনের বাড়ি ভ্যানগঘের হলুদ ভুবন,বরেন চক্রবর্তী,(2),TK. 600 TK. 516
৫৫৫ প্রেসক্রিপশন,ডা. সজল আশফাক,(2),TK. 300 TK. 258
হুমায়ূন ৬০,হুমায়ূন আহমেদ,(9),"TK. 1,000 TK. 860"
বাংলার প্রকৃতিতে পাখি,মোঃ শামীম আহমেদ,(2),TK. 700 TK. 602
জীবনানন্দ বিবেচনা,ফয়জুল লতিফ চৌধুরী,(1),TK. 125 TK. 108
স্বপ্নের বাজপাখি,সেলিনা হোসেন,(2),TK. 200 TK. 172
মুনির চৌধুরী রচনা সমগ্র-৩,আনিসুজ্জামান,N/A,TK. 500 TK. 430
শঙ্খনর্তকী,নাসরীন জাহান,(3),TK. 450 TK. 338
হুমায়ূন আহমেদ ‘রুমালী’,শাহজাহান চৌধুরী,N/A,TK. 270 TK. 232
উপন্যাস সমগ্র-৮,সৈয়দ শামসুল হক,(1),TK. 550 TK. 473
উপন্যাস সমগ্র-১,সেলিনা হোসেন,(1),TK. 500 TK. 430
রচনা সমগ্র-৫,আবদুল্লাহ আবু সায়ীদ,N/A,TK. 500 TK. 375
রচনা সমগ্র-৮,আবদুল্লাহ আবু সায়ীদ,(1),TK. 600 TK. 516
রচনা সমগ্র-৯,আবদুল্লাহ আবু সায়ীদ,(1),TK. 500 TK. 430
সেরা দশ গল্প,সেলিনা হোসেন,(1),TK. 300 TK. 258
সেরা দশ গল্প,হাসান আজিজুল হক,(1),TK. 300 TK. 258
উড়ে যাই দূরে যাই,আনোয়ারা সৈয়দ হক,N/A,TK. 150 TK. 113
তত্ত্বাবধায়ক সরকারের সাতাশ মাস,আবুল মাল আবদুল মুহিত,(2),TK. 250 TK. 215
ক্ষুধাবৃত্তান্ত,সৈয়দ শামসুল হক,(1),TK. 225 TK. 194
নির্বাচিত ১০০ কবিতা,মহাদেব সাহা,(1),TK. 170 TK. 146
প্রতীক্ষ্য প্রহর,নাসিমা খান বকুল,N/A,TK. 275 TK. 206
পলাশ ফুলের নোলক,ইমদাদুল হক মিলন,(2),TK. 300 TK. 258
পাঁচটি উপন্যাস,নাসরীন জাহান,(2),TK. 500 TK. 430
এক মুঠো জন্মভূমি,সৈয়দ শামসুল হক,(2),TK. 120 TK. 103
উপন্যাস সমগ্র-৩,সেলিনা হোসেন,(1),TK. 500 TK. 430
কিছু দিনের কানাডা,রাবেয়া খাতুন,(2),TK. 70 TK. 60
পরিবর্তনের অর্থনীতি,মামুন রশীদ (ব্যাংকার),(2),TK. 225 TK. 194
হুমায়ূন আহমেদের রুমালি,শাহজাহান চৌধুরী,(6),TK. 270 TK. 232
রচনা সমগ্র ৭,আবদুল্লাহ আবু সায়ীদ,(1),TK. 550 TK. 473
মায়া,ফেরদৌস হাসান,(2),TK. 300 TK. 258
টমি মিয়ার রান্নাঘর,টমি মিয়া,(1),TK. 550 TK. 473
অন্যরকম মা,কণিকা রশীদ,(1),TK. 200 TK. 172
উন্নয়ন কার জন্য,আতিউর রহমান,(1),TK. 225 TK. 194
যুদ্ধ,সেলিনা হোসেন,(1),TK. 500 TK. 430
সম্ভ্রম যখন অশ্লীল হয়ে ওঠে,নাসরীন জাহান,(1),TK. 60 TK. 45
সেরা পাঁচ উপন্যাস,মানিক বন্দ্যোপাধ্যায়,(2),TK. 600 TK. 516
তারুণ্যের আলোয় শেখ হাসিনা,ড. বিশ্বজিৎ ঘোষ,(1),TK. 700 TK. 602
"গণমাধ্যম, গণতন্ত্র ও সাংবাদিকতা প্রেক্ষিত : বাংলাদেশ",হাসানুল হক ইনু,N/A,TK. 250 TK. 215
নুহাশ পল্লী এবং একজন হুমায়ূন আহমেদ,ড. আখতারুজ্জামান চৌধুরী,(2),TK. 400 TK. 344
করোনাকালে বহতা জীবন,শাইখ সিরাজ,(2),TK. 800 TK. 688
বাঙালির স্বাধীনতা যুদ্ধ,আহমদ রফিক,(2),TK. 375 TK. 323
ভিঞ্চির ভোজ মাতিসের নাচ,বরেন চক্রবর্তী,(1),TK. 850 TK. 731
অরণ্যের গল্পমালা,কবীর চৌধুরী,N/A,TK. 140 TK. 120
মুক্তিযুদ্ধের বাছাই গল্প,সেলিনা হোসেন,N/A,TK. 225 TK. 194
হে বন্ধু হে প্রিয়,ইমদাদুল হক মিলন,(1),TK. 60 TK. 52
দ্বিতীয় প্রেম,ইমদাদুল হক মিলন,(1),TK. 120 TK. 103
নির্বাচিত ১০০ কবিতা,কামাল চৌধুরী,(1),TK. 300 TK. 258
বিবাহ বার্ষিকী ও অন্যান্য গল্প,বিশ্বজিৎ চৌধুরী,N/A,TK. 50 TK. 43
নির্বাচিত প্রবন্ধ,জিল্লুর রহমান সিদ্দিকী,(1),TK. 200 TK. 172
অন্যদিনের রান্নাঘর,মাজহারুল ইসলাম,(2),TK. 600 TK. 516
গল্প পঞ্চাশৎ,হাসান আজিজুল হক,(1),TK. 800 TK. 688
অমর্ত্য সেন ও বাংলাদেশ,শফি আহমেদ,N/A,TK. 100 TK. 86
উপন্যাস সমগ্র-৯,সৈয়দ শামসুল হক,(1),TK. 400 TK. 344
আমার চোখে,আনিসুজ্জামান,(1),TK. 300 TK. 258
সমুদ্রের ডাক,আহসান হাবীব (কার্টুনিস্ট),(1),TK. 150 TK. 113
পর,ইমদাদুল হক মিলন,(1),TK. 450 TK. 338
বাস্তবতার দাঁত ও করাত,সৈয়দ শামসুল হক,(1),TK. 120 TK. 90
বাংলাদেশে প্রাথমিক স্তরে নৈতিক শিক্ষা শিক্ষাক্রম ও বিদ্যালয়ে অনুশীলন,ড. শেখ সালমা নার্গিস,(1),TK. 750 TK. 645
সেরা দশ গল্প,শওকত আলী,(1),TK. 350 TK. 301
পুবের ভূস্বর্গ সোয়াত,রাবেয়া খাতুন,(1),TK. 160 TK. 138
রচনা সমগ্র-৬,আবদুল্লাহ আবু সায়ীদ,(2),TK. 500 TK. 430
দূরের দেশ কাছের দেশ,সেলিনা হোসেন,(1),TK. 350 TK. 301
অবিনাশী যাত্রা,পূরবী বসু,(1),TK. 200 TK. 172
জীবনানন্দ দাশের চিঠিপত্র,ফয়জুল লতিফ চৌধুরী,(1),TK. 400 TK. 344
সেরা দশ গল্প,বিশ্বজিৎ চৌধুরী,N/A,TK. 280 TK. 241
মেঘশিকারি,সৈয়দ মনজুরুল ইসলাম,(1),TK. 250 TK. 215
বর্বরেরা আসছে,সৈয়দ শামসুল হক,(1),TK. 45 TK. 39
নারী আন্দোলনের পাঁচ দশক,মালেকা বেগম,(2),TK. 320 TK. 275
হেমিংওয়ের দেশে,শাহাবুদ্দীন নাগরী,N/A,TK. 300 TK. 258
হুমায়ূন আহমেদের চলচ্চিত্র,মোমিন রহমান,(2),TK. 300 TK. 258
ডাকাতের কবলে ফটকুমামা,মোস্তফা কামাল,(1),TK. 180 TK. 155
সভ্যতা নির্মাণে নারী,পূরবী বসু,(1),TK. 320 TK. 275
আবারো হাফ ডজন ছোট কাকু,ফরিদুর রেজা সাগর,(1),TK. 450 TK. 387
To The Woods Dark,হুমায়ূন আহমেদ,(7),TK. 120 TK. 72
Equation Fiha,হুমায়ূন আহমেদ,(10),TK. 150 TK. 129
গল্প কোলকাতার,সৈয়দ শামসুল হক,(1),TK. 50 TK. 43
ফেলে আসা লাল গোলাপ,ইমদাদুল হক মিলন,(3),TK. 150 TK. 129
প্রেম ও ভালবাসার কবিতা,মহাদেব সাহা,(1),TK. 350 TK. 301
নির্বাচিত বঙ্গবন্ধু,মোনায়েম সরকার,N/A,TK. 400 TK. 344
পিকাসোর রঙ মাইকেলাঞ্জেলোর হাতুড়ি,বরেন চক্রবর্তী,(1),TK. 550 TK. 473
বাছাই গল্প,হুমায়ূন আহমেদ,(1),TK. 350 TK. 301
চোখ ও চশমা,ড. নজরুল ইসলাম,N/A,TK. 120 TK. 103
বিশ্ব কবিতা (বিশ্বখ্যাত কবিদের নির্বাচিত কবিতার অনুবাদ),রেজা নুর,(1),TK. 250 TK. 215
প্রেয়সী,প্রণব ভট্ট,(2),TK. 70 TK. 60
নির্বাচিত ১০০ কবিতা,হাসানআল আব্দুল্লাহ,(1),TK. 350 TK. 301
পথে যেতে ডেকেছিলে,শহিদ হোসেন খোকন,(1),TK. 90 TK. 77
চারটি কিশোর উপন্যাস,নাসরীন জাহান,N/A,TK. 300 TK. 225
নিকুন্তিলা,নাসরীন জাহান,(2),TK. 140 TK. 105
পরিস্থান,ইমদাদুল হক মিলন,(1),TK. 120 TK. 90
নায়ক,ইমদাদুল হক মিলন,(1),TK. 250 TK. 215
একশত ভালোবাসার কবিতা,মহাদেব সাহা,(1),TK. 120 TK. 103
নির্বাচিত প্রবন্ধ,আতিউর রহমান,(1),TK. 420 TK. 361
ও আমার চাঁদের আলো,ইমদাদুল হক মিলন,(1),TK. 300 TK. 225
Humayun Ahmed: Selected Short Stories,মুহাম্মদ শফিকুল ইসলাম,(6),TK. 350 TK. 301
জীবনানন্দ দাশ সময় সমাজ ও প্রেম,আহমদ রফিক,(1),TK. 80 TK. 69
অপরিচিতা,ইমদাদুল হক মিলন,(1),TK. 110 TK. 95
সম্ভাবনার অর্থনীতি,মামুন রশীদ (ব্যাংকার),(1),TK. 150 TK. 129
আবহমান বাংলা,মুস্তাফা নূরউল ইসলাম,(1),TK. 450 TK. 387
আমাদের মাতৃভাষা-চেতনা ও ভাষা আন্দোলন,মুস্তাফা নূরউল ইসলাম,(1),TK. 150 TK. 129
স্থবির যৌবন,নাসরীন জাহান,N/A,TK. 100 TK. 86
সরলরেখা বক্ররেখা,বারোজন খ্যাতনামা ব্লগার,(2),TK. 200 TK. 172
WHO SPEAKS,হুমায়ূন আহমেদ,(11),TK. 500 TK. 430
জানালায় নানা ছবি,ফারুক চৌধুরী,N/A,TK. 350 TK. 301
জীবনানন্দ দাশ-এর ’মৃত্যুর আগে’,ফয়জুল লতিফ চৌধুরী,(1),TK. 160 TK. 138
রবীন্দ্রনাথ এবং রবীন্দ্রনাথ,সন্‌জীদা খাতুন,(1),TK. 170 TK. 146
উপন্যাস সমগ্র-১,মঈনুল আহসান সাবের,(1),TK. 250 TK. 215
নির্বাচিত ১০০ কবিতা,ইকবাল হাসান,(1),TK. 150 TK. 129
দূর্বাঘাস আর গ্রেনেডের গল্প,হালিম আজাদ,(1),TK. 160 TK. 138
পুনশ্চ প্রেম,সাগরিকা নাসরিন,(1),TK. 100 TK. 86
নির্বাচিত ১০০ কবিতা,রফিক আজাদ,(1),TK. 300 TK. 258
শুকনো পাতার স্বপ্নগাথা,মহাদেব সাহা,(1),TK. 50 TK. 43
৭১ নম্বর গুলশান এভিনিউ,আরিফ মঈনুদ্দীন,N/A,TK. 60 TK. 52
বাংলাদেশের নাট্যচর্চার তিন দশক,রামেন্দু মজুমদার,N/A,TK. 200 TK. 172
নূরজাহান মুরশিদ স্মারকগ্রন্থ,আনিসুজ্জামান,(1),TK. 500 TK. 430
বাংলাদেশের বন্য প্রাণী ও পরিবেশ,মুশফিক আহমদ শামীম আহমেদ,(1),TK. 750 TK. 645
বিচ্ছিন্নতার সত্য-মিথ্যা,সিরাজুল ইসলাম চৌধুরী,(1),TK. 180 TK. 155
উন্নয়নের কথা মানুষের কথা,কাজী খালেকুজ্জামান আহমদ,(1),TK. 200 TK. 172
এই শহরে মেঘেরা একা,মাহরীন ফেরদৌস,(35),TK. 175 TK. 151
এক ডজন ছোটকাকু,ফরিদুর রেজা সাগর,N/A,TK. 750 TK. 645
অভিমানী,প্রণব ভট্ট,(1),TK. 50 TK. 43
নির্বাচিত প্রবন্ধ,আহমদ রফিক,(1),TK. 200 TK. 172
বাংলাদেশের পরিবেশ ও প্রতিবেশ,মুকিত মজুমদার বাবু,(1),TK. 750 TK. 645
মুক্তিযুদ্ধের ১০০ ছড়া,আমীরুল ইসলাম,N/A,TK. 250 TK. 215
এই হিমু! এই,মোমিন রহমান,(2),TK. 180 TK. 155
তখন আকাশ ছিল আরও নীল,কর্ণেল ডা. মামুন মোস্তাফী,(3),TK. 120 TK. 90
হুমায়ূন আহমেদ রচনাবলী ১ম-১১তম খণ্ড রকমারি কালেকশন,হুমায়ূন আহমেদ,(4),"TK. 8,800 TK. 7,568"
আন্তর্জাতিক গণিত অলিম্পিয়াড প্রশ্ন এবং উত্তর,মুহম্মদ জাফর ইকবাল,(7),TK. 275 TK. 237
পরীর গল্প,ধ্রুব এষ,(1),TK. 350 TK. 301
ফ্রিদা কালো কষ্টের মনীষা,আনা ইসলাম,N/A,TK. 70 TK. 60
সেরা পাঁচ উপন্যাস,বিভূতিভূষণ বন্দ্যোপাধ্যায়,N/A,TK. 600 TK. 516
মেয়েটি এখন কোথায় যাবে,ইমদাদুল হক মিলন,(1),TK. 200 TK. 172
হেরে যাওয়া জিতে যাওয়া,রাহাত খান (উপন্যাসিক),(1),TK. 50 TK. 43
একাকী,ইমদাদুল হক মিলন,(1),TK. 110 TK. 95
সেরা গল্প ও কবিতা,মোমিন রহমান,(1),TK. 200 TK. 172
সেরা পাঁচ কিশোর উপন্যাস,আলী ইমাম,(1),TK. 500 TK. 430
হিমালয় থেকে আরব সাগরে,রাবেয়া খাতুন,N/A,TK. 70 TK. 60
মুনির চৌধুরী রচনা সমগ্র-১,আনিসুজ্জামান,N/A,TK. 500 TK. 430
ভেনাস ল্যুভর ও অন্নপূর্ণার দেশে,বরেন চক্রবর্তী,(1),TK. 400 TK. 344
মুক্তিযুদ্ধের নির্বাচিত গল্প,রশীদ হায়দার,(1),TK. 300 TK. 258
"আয়না, তোমার সঙ্গে",ইমদাদুল হক মিলন,N/A,TK. 90 TK. 77
ভুবন ভ্রমিয়া শেষে,ফরিদুর রেজা সাগর,N/A,TK. 350 TK. 263
মেধাবী মানুষের গল্প,ড. মোহাম্মদ কায়কোবাদ,(3),TK. 200 TK. 172
আমের কুঁড়ি জামের কুঁড়ি,শামসুর রাহমান,N/A,TK. 100 TK. 86
কুসুমের মতো মেয়েরা,ইমদাদুল হক মিলন,(1),TK. 80 TK. 69
নির্বাচিত প্রেমের উপন্যাস,ইমদাদুল হক মিলন,(1),TK. 250 TK. 215
নির্বাচিত প্রেমের উপন্যাস,সৈয়দ শামসুল হক,(3),TK. 250 TK. 215
ফেরারী নদীর ছায়া,মুজতবা আহমেদ মুরশেদ,(1),TK. 60 TK. 52
দেহকাব্য,রেজানুর রহমান রেজা,(1),TK. 60 TK. 52
চাদমুখ মেয়ে,প্রণব ভট্ট,(2),TK. 150 TK. 129
শামসুর রহমান স্মারকগ্রন্থ,সৈয়দ শামসুল হক,N/A,TK. 500 TK. 430
আবার আমেরিকায়,রাবেয়া খাতুন,N/A,TK. 110 TK. 95
কানাডার চিঠি,তাজুল মোহাম্মদ,N/A,TK. 250 TK. 215
অথৈ মনের তীর,মনোয়ারা নাজমুন,(1),TK. 170 TK. 146
রচনা সমগ্র ৪-৯ খণ্ড একত্রে রকমারি কালেকশন,আবদুল্লাহ আবু সায়ীদ,N/A,"TK. 2,650 TK. 2,279"
সৈয়দ শামসুল হক উপন্যাস সমগ্র (১ - ১১ খণ্ড)(রকমারি কালেকশন),সৈয়দ শামসুল হক,(1),"TK. 5,300 TK. 4,558"
দিগন্তের ওপারে,কণিকা রশীদ,(2),TK. 200 TK. 150
স্বপ্নবুড়ির সোনার কাঠি,নাসরীন জাহান,N/A,TK. 50 TK. 38
গল্প সমগ্র-১,নাসরীন জাহান,N/A,TK. 300 TK. 225
মোশতাক আহমেদের ৬টি বইয়ের কালেকশন,মোশতাক আহমেদ,N/A,"TK. 2,600 TK. 2,236"
ফেরাউনের গ্রাম,শাকুর মজিদ,(9),TK. 550 TK. 473
মনোসরণি,মাহরীন ফেরদৌস,(10),TK. 200 TK. 172
কিছু বিষাদ হোক পাখি,মাহরীন ফেরদৌস,(18),TK. 175 TK. 151
Sepoy Mutiny a Rajput Mutineer,মুনীর আহমেদ,(1),TK. 300 TK. 258
Bangabandhu For The Children,মেরিনা সঈদ,N/A,TK. 250 TK. 215
আইন-শব্দকোষ,আনিসুজ্জামান,(4),"TK. 1,500 TK. 1,290"
কথোপকথন,আবদুল্লাহ আবু সায়ীদ,(2),TK. 200 TK. 172
Re : Revolution,আরেফ আফজল,(2),TK. 700 TK. 602
রাত ১২টার পরের জোকস,আহসান হাবীব (কার্টুনিস্ট),(2),TK. 150 TK. 129
বুনে গেলাম আশার স্বপন-গভর্নরের দিনলিপি (মে ২০০৯-মার্চ ২০১৬),আতিউর রহমান,(3),"TK. 1,500 TK. 1,290"
অন্তরে,ইমদাদুল হক মিলন,(1),TK. 50 TK. 43
সেরা লেখা-২,আবদুল্লাহ আবু সায়ীদ,(1),TK. 650 TK. 559
উপন্যাস সমগ্র-১,মুহম্মদ জাফর ইকবাল,(8),TK. 450 TK. 387
ভ্যালেন্টাইন জোকস,আহসান হাবীব (কার্টুনিস্ট),(2),TK. 80 TK. 69
রচনা সমগ্র-১,আবদুল্লাহ আবু সায়ীদ,(2),TK. 500 TK. 430
নগরের ‍বিস্মৃত আঁধারে,মাহরীন ফেরদৌস,(7),TK. 200 TK. 172
রচনা সমগ্র-৩,আবদুল্লাহ আবু সায়ীদ,(2),TK. 450 TK. 387
সেরা লেখা-১,আবদুল্লাহ আবু সায়ীদ,(2),TK. 600 TK. 516
নাফিসদের রহস্যময় বাড়ি,সুমন্ত আসলাম,N/A,TK. 120 TK. 103
দীপ্র মনীষা,আনিসুজ্জামান,(1),TK. 300 TK. 258
রচনা সমগ্র-২,আবদুল্লাহ আবু সায়ীদ,(2),TK. 350 TK. 301
হে মাতঃবঙ্গ,রাহাত খান (উপন্যাসিক),(1),TK. 45 TK. 39
যুদ্ধাপরাধীর বিচার : জাহানারা ইমামের চিঠি,আসিফ নজরুল,(2),TK. 120 TK. 103
প্রিয়,ইমদাদুল হক মিলন,(2),TK. 400 TK. 344
আমার পিতার মুখ,সিরাজুল ইসলাম চৌধুরী,(1),TK. 100 TK. 86
ব্রিকলেন,শাহজাহান চৌধুরী,(1),TK. 200 TK. 172
গৌরিপুর জংশন (ফার্সি অনুবাদ ),হুমায়ূন আহমেদ,(3),TK. 80 TK. 69
ফরিদ কবিরের কবিতা,ফরিদ কবির,(1),TK. 200 TK. 172
বিশ্ববরেণ্যদের কালজয়ী ভাষণ,এ. কে. এম. মুজিবুর রহমান,N/A,TK. 350 TK. 301
হংকং-এর হাক্কানী সাহেব,ফরিদুর রেজা সাগর,N/A,TK. 100 TK. 86
সরস ঘটনা সরস কাহিনী,কবীর চৌধুরী,N/A,TK. 100 TK. 86
মর্গের নীল পাখি,সেলিনা হোসেন,(1),TK. 300 TK. 258
স্বপ্নে সংক্রামিত,রাবেয়া খাতুন,(1),TK. 125 TK. 108
আলো খুঁজছো আলো?,আরিফ মঈনুদ্দীন,(1),TK. 180 TK. 155
অদ্ভুত এক লোকের সঙ্গে,ইমদাদুল হক মিলন,N/A,TK. 60 TK. 52
ছড়ানো-ছিটানো ছড়া,এখ্‌লাসউদ্দিন আহ্‌মদ,N/A,TK. 140 TK. 120
যৌবন ও অন্যান্য জীবন,সৈয়দ শামসুল হক,(1),TK. 150 TK. 129
একান্ত,ইমদাদুল হক মিলন,(2),TK. 75 TK. 65
প্রিয় গুলশানা,রাবেয়া খাতুন,(1),TK. 60 TK. 52
"এসো, হাত ধরো",ইমদাদুল হক মিলন,(2),TK. 220 TK. 189
ছোট্ট কোথায় টেনিসবল,মারজুক রাসেল,(7),TK. 50 TK. 43
মন্ত্র,ফরিদ কবির,(2),TK. 40 TK. 34
কাব্যসমগ্র-৩,নির্মলেন্দু গুণ,N/A,TK. 350 TK. 301
মুঠোফোনের কাব্য সমগ্র,নির্মলেন্দু গুণ,(1),TK. 120 TK. 103
রচনাসমগ্র - ২,আনিসুজ্জামান,N/A,TK. 500 TK. 430
বিন্দু মামার খায়েশ,মুজতবা আহমেদ মুরশেদ,N/A,TK. 50 TK. 43
ভ্যাবলা ছেলে ক্যাবলাকান্ত,ওবায়দুল গনি চন্দন,N/A,TK. 50 TK. 43
জাতীয় সংসদ এবং আমি,আবদুল মান্নান,N/A,TK. 500 TK. 430
চোখের সাধারণ সমস্যা ১০০ প্রশ্ন ও উত্তর,ড. নজরুল ইসলাম,N/A,TK. 120 TK. 103
চশমা চোখে ছোট্ট বাবু,আনজীর লিটন,N/A,TK. 50 TK. 43
সাদা গাছের পাতা,আনজীর লিটন,N/A,TK. 75 TK. 65
যখন তখন,আনজীর লিটন,N/A,TK. 60 TK. 52
"মেঘ উড়ে যায়, কেখায়?",ধ্রুব এষ,N/A,TK. 50 TK. 43
ঘুপি বাঘা ফিরে গেলো,লুৎফর রহমান রিটন,N/A,TK. 40 TK. 34
টুইংকেল টুইংকেল লিটিল স্টার,লুৎফর রহমান রিটন,N/A,TK. 50 TK. 43
ছড়ায় ছড়ায় ২০০,ফয়েজ আহম্মদ,N/A,TK. 150 TK. 129
আকাশে-ওড়া মাটির ঘোড়া,মহাদেব সাহা,N/A,TK. 50 TK. 43
এই আমাদের সোনার বাংলা,সৈয়দ শামসুল হক,N/A,TK. 50 TK. 43
গল্প+পদ্য=গল্পদ্য,সৈয়দ শামসুল হক,N/A,TK. 50 TK. 43
নিজের একটি ঘর,আলম খোরশেদ,N/A,TK. 50 TK. 43
কষ্টগুলো উড়িয়ে দেব,ড. এ এস এম আতীকুর রহমান,N/A,TK. 130 TK. 112
আঁধারের শেষ ভালোবাসি,সৈয়দ হায়দার,N/A,TK. 50 TK. 43
অনিবার্য গৃহযুদ্ধ,তুষার দাশ,N/A,TK. 40 TK. 34
আগুনসুন্দরী,আশরাফ আহমদ,N/A,TK. 45 TK. 39
সেইসব মুখশ্রীর আলো ও আমার জীবনানন্দ,তুষার দাশ,N/A,TK. 150 TK. 129
শিশুর কুশল,ডা. সজল আশফাক,N/A,TK. 70 TK. 60
যেখানে রোগের ভয়,ডা. সজল আশফাক,N/A,TK. 150 TK. 129
সুখের দিনে অসুখ বিনে,ডা. সজল আশফাক,N/A,TK. 150 TK. 129
গৌরীপুর জংশন (জার্মান অনুবাদ),হুমায়ূন আহমেদ,(5),TK. 100 TK. 86
গৌরীপুর জংশন (হিন্দি অনুবাদ),হুমায়ূন আহমেদ,(4),TK. 100 TK. 86
বাংলাদেশের স্বাধীনতা যুদ্ধের আড়ালে যুদ্ধ,অধ্যাপক আবু সাইয়িদ,(1),TK. 200 TK. 172
অদ্বিতীয়া,ইমদাদুল হক মিলন,(2),TK. 60 TK. 52
উপন্যাস সমগ্র-১,ইমদাদুল হক মিলন,(1),TK. 250 TK. 215
বন্ধুয়া,ইমদাদুল হক মিলন,(3),TK. 85 TK. 73
ইবসেনের নারী,সেলিনা হোসেন,(1),TK. 250 TK. 215
জ্যোতির্ময়ী তোমাকে বলি,মঈনুল আহসান সাবের,(1),TK. 50 TK. 43
শ্রাবণ সন্ধ্যাটুকু,ইমদাদুল হক মিলন,(1),TK. 5 TK. 4
উপন্যাস সমগ্র-১,রাবেয়া খাতুন,(1),TK. 350 TK. 301
শঙ্খ সকাল প্রকৃতি,রাবেয়া খাতুন,(1),TK. 150 TK. 129
কথা ছিল,ইমদাদুল হক মিলন,(2),TK. 120 TK. 103
তুমিই,ইমদাদুল হক মিলন,(1),TK. 90 TK. 77
অপরবেলা,ইমদাদুল হক মিলন,(1),TK. 125 TK. 108
জ্যোৎস্নার বৃষ্টিতে একা,রওনক জাহান,N/A,TK. 60 TK. 52
অজবীথি,সৌমিত্র দেব,N/A,TK. 50 TK. 43
মায়াবি সুন্দরের শোকে,শাফিকুর রাহী,N/A,TK. 40 TK. 34
দূর নীলিমা,গোলাম ফারুক,(1),TK. 120 TK. 103
মেঘেলা রাতের তারা,গীতালি হাসান,(1),TK. 50 TK. 43
সোনার কঙ্কন,নাজমা তাশমীন,(1),TK. 70 TK. 60
স্তবগান সুন্দরের,হাসান হাফিজ,N/A,TK. 40 TK. 34
অন্তর্জাল,নির্মলেন্দু গুণ,N/A,TK. 110 TK. 95
চির অনাবৃতা হে নগ্নতমা,নির্মলেন্দু গুণ,(1),TK. 60 TK. 52
স্বপ্নে আকি সুন্দরের মুখ,মহাদেব সাহা,(1),TK. 40 TK. 34
সব দুঃখ ভুলে যাই প্রেমের গৌরবে,মহাদেব সাহা,(1),TK. 50 TK. 43
"কেন মোহে, কেনবা বিরহে",মহাদেব সাহা,(1),TK. 50 TK. 43
ছায়ামুখ,ইকবাল হাসান,(1),TK. 50 TK. 43
দহনলাগা তৃষ্ণা,আরিফ মঈনুদ্দীন,(1),TK. 75 TK. 65
দুধমুখা যেতে যেতে,আরিফ মঈনুদ্দিন,(3),TK. 85 TK. 73
সখি যাতনা কাহারে বলে,রেজানুর রহমান রেজা,(1),TK. 55 TK. 47
জোসনারাতে তিনটা মেয়ে,ইমদাদুল হক মিলন,(1),TK. 80 TK. 69
অর্ধেক ডুবেছি প্রেমে অর্ধেক আধারে,মহাদেব সাহা,N/A,TK. 60 TK. 52
অক্ষরে বোনা স্বপ্ন,মহাদেব সাহা,(1),TK. 75 TK. 65
প্রেম ও ভালোবাসার কবিতা,আল মাহমুদ,(1),TK. 250 TK. 215
বুকের লবণ চোখের ম্যাজিক,সৈয়দ শামসুল হক,(1),TK. 50 TK. 43
এক লক্ষ নক্ষত্রের নিচে,সৈয়দ শামসুল হক,(1),TK. 70 TK. 60
তবুও তোমাকে চাই,রেজানুর রহমান রেজা,(1),TK. 60 TK. 52
বিপরীত ছায়া,রেজানুর রহমান রেজা,(1),TK. 50 TK. 43
বলো তুমি কার,প্রণব ভট্ট,(1),TK. 50 TK. 43
দুঃসময়ের সঙ্গে হেটে যাই,মহাদেব সাহা,(1),TK. 50 TK. 43
দুঃখ কোনও শেষ কথা নয়,মহাদেব সাহা,N/A,TK. 50 TK. 43
ভালোবাসা কেন এত আলো অন্ধকারময়,মহাদেব সাহা,N/A,TK. 50 TK. 43
জোছনা রাতের কয়েকটি গল্প,তৌহিদুর রহমান,(1),TK. 150 TK. 129
সর্পরাজের যাদু,আনোয়ারা সৈয়দ হক,N/A,TK. 55 TK. 47
রাজনৈতিক সময়,বোরহানউদ্দিন খান জাহাঙ্গীর,(1),TK. 70 TK. 60
বেদনার লোনা জলে,বুলবুল সিনহা,(1),TK. 120 TK. 103
জটা বাবা,ডা. আনিস আহমেদ,(1),TK. 100 TK. 86
কিংবদন্তী,মুহাম্মদ তৌহীদ,(1),TK. 200 TK. 172
নির্বাচিত প্রবন্ধ,আনিসুজ্জামান,(1),TK. 150 TK. 129
নির্বাচিত প্রবন্ধ,বদরুদ্দীন উমর,(1),TK. 250 TK. 215
প্রভুর যত ইচ্ছা,সিরাজুল ইসলাম চৌধুরী,(1),TK. 200 TK. 172
সূর্য শিখর দিন,আরিফ মঈনুদ্দীন,N/A,TK. 200 TK. 172
বাংলা হঠাৎ অনেক দূর,নুরুল হোসাইন খান,N/A,TK. 80 TK. 69
বাংলাদেশের পা দুটো,সৈয়দ আল ফারুক,N/A,TK. 50 TK. 43
স্বপ্নের নাম সত্যি,সৈয়দ আল ফারুক,N/A,TK. 50 TK. 43
নির্মেঘ বৃষ্টি,সঞ্চারিনী,N/A,TK. 50 TK. 43
আমেন,সায়মন রিয়ান,N/A,TK. 50 TK. 43
তৃতীয় আকাশ,জায়েদ ফরিদ,N/A,TK. 40 TK. 34
১০১ টি গরুর মাংসের রান্না,মজহারুল ইসলাম,(2),TK. 500 TK. 430
অনুভব,ইমদাদুল হক মিলন,(2),TK. 80 TK. 69
