,Title,Author,Original Price,Discounted Price,Rating
0,দেয়াল,হুমায়ূন আহমেদ,450,315,431
1,শম্পা কী চায়?,এশরার লতিফ,350,301,11
2,ইনসমনিয়া,ফরহাদ হোসেন,320,275,3
3,সাতপুরুষে খেদু মিয়া,অসীম হিমেল,580,499,5
4,হুমায়ূন আহমেদ রচনাবলী ২,হুমায়ূন আহমেদ,800,688,11
5,হুমায়ূন আহমেদ রচনাবলী ৯,হুমায়ূন আহমেদ,800,688,1
6,হুমায়ূন আহমেদ রচনাবলী ১১,হুমায়ূন আহমেদ,800,688,4
7,হুমায়ূন আহমেদ রচনাবলী - ৪,হুমায়ূন আহমেদ,800,688,8
8,হুমায়ূন আহমেদ রচনাবলী ৭,হুমায়ূন আহমেদ,800,688,8
9,আগুনডানা মেয়ে,সাদাত হোসাইন,800,560,14
10,জোছনা ও জননীর গল্প,হুমায়ূন আহমেদ,800,560,309
11,ভূতসমগ্র ১ম খণ্ড,হুমায়ূন আহমেদ,850,595,21
12,শ্রেষ্ঠ প্রেমের উপন্যাস,হুমায়ূন আহমেদ,"1,000",700,11
13,হিমু দশ,হুমায়ূন আহমেদ,850,595,11
14,দেবো খোঁপায় তারার ফুল,মোস্তফা কামাল,800,560,26
15,এমন জনম,ইমদাদুল হক মিলন,"1,500","1,050",
16,অন্ধকারের গোলকধাঁধায়,রফিকুজ্জামান আকিব (শুভ্র),550,473,5
17,হুমায়ূন আহমেদ রচনাবলী ৩,হুমায়ূন আহমেদ,800,688,7
18,মিসির আলি দশ,হুমায়ূন আহমেদ,850,595,3
19,তিন রাগিণী,ড. তাবারক হোসেন,"1,000",860,3
20,মানবজনম,সাদাত হোসাইন,700,602,15
21,বাদশাহ নামদার,হুমায়ূন আহমেদ,450,387,254
22,নন্দিত নরকে,হুমায়ূন আহমেদ,280,241,127
23,শঙ্খনীল কারাগার,হুমায়ূন আহমেদ,280,241,123
24,মেঘেদের দিন,সাদাত হোসাইন,300,258,229
25,হুমায়ূন আহমেদ শিশুকিশোর রচনাবলী কালেকশন,হুমায়ূন আহমেদ,"2,000","1,480",3
26,তেতুল বনে জোছনা,হুমায়ূন আহমেদ,350,301,81
27,সে এখানে নেই,সাদাত হোসাইন,300,258,39
28,মাতাল হাওয়া,হুমায়ূন আহমেদ,600,516,102
29,লীলাবতী,হুমায়ূন আহমেদ,550,473,75
30,দিঘির জলে কার ছায়া গো,হুমায়ূন আহমেদ,300,258,33
31,লীলাবতীর মৃত্যু,হুমায়ূন আহমেদ,300,258,55
32,আগুনের পরশমণি,হুমায়ূন আহমেদ,300,258,30
33,আজ হিমুর বিয়ে,হুমায়ূন আহমেদ,300,258,45
34,মরাতাই,লুৎফর হাসান,300,258,1
35,ফানুস,মৌরি মরিয়ম,600,516,145
36,যখন নামিবে আধাঁর,হুমায়ূন আহমেদ,250,215,38
37,মরণোত্তম,সাদাত হোসাইন,300,258,100
38,হিমুর নীল জোছনা,হুমায়ূন আহমেদ,280,241,27
39,হিমু এবং হার্ভার্ড Ph.D বল্টুভাই,হুমায়ূন আহমেদ,300,258,50
40,দেখিলাম তারে,মইনুল খান,200,172,
41,মেঘের ওপর বাড়ি,হুমায়ূন আহমেদ,300,258,35
42,চলে যায় বসন্তের দিন,হুমায়ূন আহমেদ,300,258,29
43,ভ্রমণসমগ্র,হুমায়ূন আহমেদ,700,602,35
44,বাসর,হুমায়ূন আহমেদ,250,215,26
45,হিজিবিজি,হুমায়ূন আহমেদ,350,301,43
46,কুটু মিয়া,হুমায়ূন আহমেদ,320,275,38
47,নিউইয়র্কের নীলাকাশে ঝকঝকে রোদ,হুমায়ূন আহমেদ,300,258,43
48,মিসির আলির চশমা,হুমায়ূন আহমেদ,280,241,35
49,একা একা,হুমায়ূন আহমেদ,280,241,20
50,মার্জিনে মন্তব্য,সৈয়দ শামসুল হক,650,559,39
51,দুয়ারে দ্বিধার দেয়াল,মৌরি মরিয়ম,550,473,41
52,মৃন্ময়ী,হুমায়ূন আহমেদ,320,275,32
53,লিলুয়া বাতাস,হুমায়ূন আহমেদ,320,275,32
54,হিমু রিমান্ডে,হুমায়ূন আহমেদ,280,241,36
55,এপিটাফ,হুমায়ূন আহমেদ,320,275,35
56,আমিই মিসির আলি,হুমায়ূন আহমেদ,300,258,35
57,এই শুভ্র ! এই,হুমায়ূন আহমেদ,320,275,26
58,সে আসে ধীরে,হুমায়ূন আহমেদ,280,241,23
59,আজ আমি কোথাও যাব না,হুমায়ূন আহমেদ,320,275,23
60,কাঠপেন্সিল,হুমায়ূন আহমেদ,350,301,17
61,দ্বিতীয় মানব,হুমায়ূন আহমেদ,200,172,29
62,একজন আধুলি,আরিফ হাকিম,250,215,1
63,নাইয়রি,মৌরি মরিয়ম,580,499,12
64,পারাপার,হুমায়ূন আহমেদ,300,258,18
65,ফাউন্টেনপেন,হুমায়ূন আহমেদ,350,301,24
66,রজনী,হুমায়ূন আহমেদ,280,241,20
67,রঙপেন্সিল,হুমায়ূন আহমেদ,300,258,17
68,তারা তিনজন,হুমায়ূন আহমেদ,250,215,17
69,রূপার পালঙ্ক,হুমায়ূন আহমেদ,280,241,19
70,পায়ের তলায় খড়ম,হুমায়ূন আহমেদ,380,327,17
71,ম্যাজিক মুনশি,হুমায়ূন আহমেদ,280,241,26
72,যদিও সন্ধ্যা,হুমায়ূন আহমেদ,325,280,17
73,শুভ্র গেছে বনে,হুমায়ূন আহমেদ,380,327,24
74,বলপয়েন্ট,হুমায়ূন আহমেদ,400,344,18
75,প্রথম প্রহর,হুমায়ূন আহমেদ,280,210,22
76,আসমানীরা তিন বোন,হুমায়ূন আহমেদ,300,258,15
77,কিছু শৈশব,হুমায়ূন আহমেদ,300,258,27
78,হিমুর আছে জল,হুমায়ূন আহমেদ,280,241,19
79,অরণ্য,হুমায়ূন আহমেদ,300,258,17
80,উড়ালপঙ্খি,হুমায়ূন আহমেদ,320,275,27
81,আজ দুপুরে তোমার নিমন্ত্রণ,হুমায়ূন আহমেদ,320,275,16
82,নিঃসঙ্গ নক্ষত্র,সাদাত হোসাইন,550,473,12
83,সৌরভ,হুমায়ূন আহমেদ,280,241,18
84,জল মিশে যায় জলে,শানজানা আলম,600,516,30
85,শঙ্খচিল,শানজানা আলম,380,327,18
86,একলব্য,হরিশংকর জলদাস,600,516,9
87,রাবণের দেশে আমি ও আমরা,হুমায়ূন আহমেদ,300,258,15
88,মানবী,হুমায়ূন আহমেদ,300,258,26
89,দিনের শেষে,হুমায়ূন আহমেদ,280,210,18
90,ফাগুন বসন্তে,মোশতাক আহমেদ,300,225,13
91,গোয়েন্দা কাহিনি : স্বর্ণমানব,মইনুল খান,280,241,1
92,আনন্দ বেদনার কাব্য,হুমায়ূন আহমেদ,225,194,10
93,আগুনপোকা,শানজানা আলম,500,430,3
94,দেখা না দেখা,হুমায়ূন আহমেদ,350,301,17
95,হিজলের ফুল জলে ভাসা ভুল,শানজানা আলম,500,430,3
96,নির্বাচিত কবিতা,সাদাত হোসাইন,500,430,2
97,নীলস্বপ্ন,নিশো আল মামুন,280,241,26
98,শরতের শেষ থেকে,ফারহানা সিনথিয়া,400,344,7
99,মাঠের মানুষ( স্মরণে মো. আমিনুল আলম),সুখেন্দ্র কুমার সরকার,300,258,
100,জোছনাত্রয়ী,হুমায়ূন আহমেদ,400,344,10
101,যদি মন কাঁদে,শহিদ হোসেন খোকন,400,300,9
102,উনুন,রুহুল আমিন (গল্পকার),300,258,6
103,ফাহিম সালেহ স্বপ্নের কারিগর,সালেহ উদ্দিন আহমদ,700,602,26
104,হ্যামলেট,সৈয়দ শামসুল হক,300,258,7
105,নিলির ভালোবাসা,মোশতাক আহমেদ,400,344,16
106,পুষ্টি নামা,সৈয়দা শারমিন আক্তার,400,344,3
107,স্পর্শের বাইরে,সুমন্ত আসলাম,200,172,6
108,আহারে জীবন,আমিনা তাবাস্‌সুম,380,327,3
109,তুমি একটুখানি তো জল,লামইয়া চৌধুরী,600,516,9
110,জোছনায় ফুল ফুটেছে,নিশো আল মামুন,225,194,4
111,জলপিপি,অরুণ কুমার বিশ্বাস,300,258,3
112,কিভাবে সেরা ছাত্র হবে,সাদ ইসলাম,320,275,10
113,হুমায়ূন আহমেদের কয়েকটি চিঠি ও একটি ডায়রি,শাহানা কায়েস,200,172,8
114,একশো ভূত,সামস আহমেদ,350,301,3
115,আয়না কেমন আছে,ইমদাদুল হক মিলন,120,103,4
116,এসো আমার ঘরে,শানজানা আলম,450,387,1
117,ভাটি এলাকায় মুক্তিযুদ্ধ আমার অহংকার,সালেহ চৌধুরী,400,344,1
118,মুক্তিসংগ্রাম ও মুক্তিযুদ্ধে আলেম সমাজের ভূমিকা,ড. মোহাম্মদ হাননান,700,602,2
119,উনিশ শ' একাত্তর,ফয়জুল লতিফ চৌধুরী,550,473,
120,পড়ালেখায় মনোযোগী হওয়ার কৌশল,গাজী মিজানুর রহমান (বিসিএস),380,327,4
121,বকুলের ঘ্রাণ,রুহুল আমিন (গল্পকার),300,258,6
122,নিউইয়র্কে হুমায়ূন আহমেদের চিকিৎসা ও অন্যান্য প্রসঙ্গ,পূরবী বসু,170,146,3
123,যদি কখনো,সুমন্ত আসলাম,225,194,9
124,ব্যাচেলর ভাড়া দেওয়া হয় না,মনদীপ ঘরাই,300,258,7
125,ঘেটুপুত্র কমলা,হুমায়ূন আহমেদ,500,430,13
126,বিষাদনদী,মোহিত কামাল,350,301,2
127,উৎসর্গ,লামইয়া চৌধুরী,550,473,5
128,আমার বিপুলা পৃথিবী,সিদ্দিকা জামান,480,413,2
129,সিক্রেট ডক্যুমেন্টস সংক্ষিপ্ত ও সরল পাঠ,আতিউর রহমান,600,516,
130,নিষ্পত্তি,ড. তাবারক হোসেন,350,301,7
131,মান বাংলা লেখার নিয়মকানুন,ড. হাকিম আরিফ,280,241,
132,মৌর্য,আবুল কাসেম,850,731,2
133,চিঠি দিয়ো,সালমা সুলতানা,350,301,
134,প্রজাপতি ব্যাজ,সজল আশফাক,225,194,1
135,৮০ দশকের নির্বাচিত পাঁচটি উপন্যাস,হুমায়ূন আহমেদ,650,559,8
136,"নদীপথে, সঙ্গে ইউলিসিস",হাসনাত আবদুল হাই,800,688,
137,এবং যখন চলে যাব,ফুয়াদ শহীদ,280,241,
138,নীলগিরিতে চার গোয়েন্দা,মোস্তফা কামাল,200,172,5
139,সেরা দশ গল্প,হুমায়ূন আহমেদ,280,241,9
140,মন খারাপের রাত,মির্জা শামীম,120,103,4
141,হুমায়ূন আহমেদ রচনাবলী-৬,হুমায়ূন আহমেদ,800,600,6
142,কৃষ্ণচূড়া ও রাধাচূড়ার গল্প,লুৎফুন্নাহার পিকি,350,301,2
143,তবুও একদিন,সুমন্ত আসলাম,280,241,3
144,হর্ষবর্ধন শ্রিংলা দার্জিলিং থেকে দুনিয়া,দীপমালা রোকা,600,516,
145,বনসাই,রেশমী রফিক,600,516,2
146,নোবেলের শহর,শাকুর মজিদ,280,241,3
147,জেনেটিক্স : মিল ও অমিলের বিজ্ঞান,প্রফেসর মো. হাসান তারীক রানা,300,258,2
148,নুহাশপল্লীর এইসব দিনরাত্রি,শাকুর মজিদ,300,258,1
149,৭ই মার্চ থেকে স্বাধীনতা,ড. হারুন-অর-রশিদ,400,344,2
150,একটি হারানো বিজ্ঞপ্তি,মনদীপ ঘরাই,350,301,
151,একান্ত পাপগুচ্ছ,মালেক মুস্তাকিম,250,215,
152,বদলে দেওয়ার অর্থনীতি,মামুন রশীদ (ব্যাংকার),200,172,3
153,সেদিনও বৃষ্টি ছিল,প্রণব ভট্ট,90,77,3
154,শুভ বিবাহ,শহিদ হোসেন খোকন,350,301,4
155,প্রেম অথবা প্রার্থনা,খালেদা ফ্যান্সি,225,194,
156,আহসান উল্লাহ মাস্টার জীবনালেখ্য,ইজাজ আহমেদ মিলন,600,516,
157,আব্বু,সিনথিয়া খান,300,258,
158,জোনাকির নিজস্ব অন্ধকার,লুৎফর হাসান,250,215,1
159,তব ভুবনে তব ভবনে,আতিউর রহমান,600,516,3
160,ঘর কিংবা ঘোর,তকিব তৌফিক,400,344,17
161,ত্বকের যত্ন ত্বকের অসুখ,ডা. সাইফুল কবীর,170,146,
162,নিভৃত পূর্ণিমা,রেফাত আল হামিদ,580,499,1
163,পূর্ণ ছবির মগ্নতা,সেলিনা হোসেন,550,473,3
164,একরাত্রি,ড. তাবারক হোসেন,300,258,3
165,অপূর্ব এক দোয়েল পাখি,ইমদাদুল হক মিলন,250,215,
166,উতল হাওয়া,শহিদ হোসেন খোকন,700,602,
167,ছমছমে এক রাতের বাড়ি,সিদরাতুল মুনতাহা দুপুর,150,129,1
168,হরকিশোর বাবু,হরিশংকর জলদাস,250,215,2
169,হুমায়ূন আহমেদ ও যত কথা,মুনীর আহমেদ,250,215,3
170,ভালোবাসা কারে কয়,লুৎফুন্নাহার পিকি,600,516,1
171,কম্পুকার্টুন,আহসান হাবীব (কার্টুনিস্ট),50,43,2
172,দেখা অদেখার গল্প,সৈয়দ মনজুরুল ইসলাম,400,344,
173,যৌনযাপন,শেখ সাদী,250,215,2
174,"ছেলেটি যে মেয়ে, মেয়েটি তা জানত না",নাসরীন জাহান,120,103,3
175,মনে পাপ ছিল,অরুণ কুমার বিশ্বাস,350,301,1
176,ব্যবহারিক মনোবিজ্ঞান,ড. কাজী আফিয়া ‍সুলতানা,250,188,2
177,শ্রেষ্ঠ কবিতা,মোহাম্মদ সাদিক,275,237,2
178,ঈশ্বর মানুষের পক্ষে,আরিফ হাকিম,300,258,
179,একদা সোভিয়েত ইউনিয়নে,হাসনাত আবদুল হাই,880,757,
180,বৃষ্টি বিলাস,হুমায়ূন আহমেদ,300,258,86
181,টুঙ্গিপাড়া গ্রাম থেকে,কামাল চৌধুরী,300,258,
182,রবীন্দ্রজীবনের অনুজ্জ্বল অঞ্চল,আবদুশ শাকুর,750,645,1
183,মেঘের পরে মেঘ,রাবেয়া খাতুন,200,172,1
184,স্ট্র্যাটেজিক লার্নিং ফর সাকসেস,প্রকৌ. সফিকুল ইসলাম ভূঁঞা,450,387,2
185,বর্ণমালায় কম্পিউটার,রোমেন রায়হান,200,172,2
186,এমনি বরষা ছিলো সেদিন,শহিদ হোসেন খোকন,200,172,
187,আমাকে অপেক্ষা করতে বলা হেয়েছিল,মাশুক আল হোসাইন,300,258,
188,ফিরে আসা,রাহাত খান (উপন্যাসিক),180,155,2
189,আমি নারী আমি মুক্তিযোদ্ধা,সেলিনা হোসেন,380,327,2
190,কারাগারের কাব্য,হো চি মিন,200,172,
191,ভাটি অঞ্চলের প্রবাদ-প্রবচন,মহিবুর রহিম,300,258,
192,বিচিত্র উদ্ভিদের ভেষজ গুণ,মোকারম হোসেন,850,731,
193,রচনাবলী ১২,হুমায়ূন আহমেদ,"1,000",860,
194,সেরা দশ গল্প,নাসরীন জাহান,225,194,1
195,অন্ধকারের আলোয় তুমি,সুমন্ত আসলাম,225,194,3
196,শাশ্বত সংলাপ,তাহমিদ হাসান,280,241,2
197,মানব কাণ্ডের লঘু বর্ণনা,মামুন হুসাইন,300,258,
198,কুলহারা কলঙ্কিনী,সাইমন জাকারিয়া,225,194,1
199,মুক্তিযুদ্ধের নির্বাচিত প্রবন্ধ,হারুন হাবীব,450,387,1
200,স্মৃতিসত্তার সৈয়দ হক,পিয়াস মজিদ,225,194,1
201,একা,ইমদাদুল হক মিলন,500,430,2
202,নন্দীছড়ার যোদ্ধারা,সৈয়দ মনজুরুল ইসলাম,380,327,
203,মধ্যাহ্ন অখণ্ড,হুমায়ূন আহমেদ,700,602,133
204,শিশির জমেছে জোছনায়,নাসিমা খান বকুল,300,258,
205,ভিলেজ পলিটিক্স,নেয়ামুল নাসির,375,323,
206,আদম সুরত,নূরুদ্দিন জাহাঙ্গীর,350,301,
207,আম্মার অক্সিজেন,মাশুক আল হোসাইন,300,258,
208,হৃদমাজারে,আলী আববাস,350,301,1
209,অধিকারভিত্তিক উন্নয়ন,আতিউর রহমান,275,237,1
210,৫ ফেব্রুয়ারি,লুৎফর হাসান,300,258,
211,কাচের ঘর,কানিজ ফাতেমা,700,602,
212,শকুনের ডানা,সৈয়দ মনজুরুল ইসলাম,300,258,2
213,অপরাজেয় মেজর আফসার,ইজাজ আহমেদ মিলন,700,602,
214,"যুবতী রাধে, সৈয়দ হক ও আরও কথা",স্বকৃত নোমান,480,413,
215,বলিউডের ট্র্যাজিক প্রেম,পীর হাবিবুর রহমান,280,241,
216,ছোটদের মুক্তিযুদ্ধের কথা,আহমদ রফিক,250,215,
217,গণমাধ্যমের লড়াই,সৈয়দ ইশতিয়াক রেজা,200,172,
218,"জলে ডোবা মাঠে, সারারাত",সিদ্ধার্থ হক,150,129,3
219,সুচিত্রা সেনের জন্য,মনজুরে মওলা,50,43,
220,বিদ্যাসাগর বাঙ্কিমচন্দ্র রবীন্দ্রনাথ ও মুসলমান সমাজ,ডক্টর আবুল আহসান চৌধুরী,500,430,
221,১২টি গল্প,ইকবাল হাসান,70,60,1
222,আচার্য এই বই ও অন্যান্য কবিতা,রাজু আলাউদ্দিন,200,172,
223,দ্য আর্ট অব হ্যাপি লাইফ,আবু রেজা মো. ইয়াহিয়া,500,430,1
224,সার্বিয়া,ইমদাদ হক,600,516,
225,মাননীয় মন্ত্রীর জন্য মানপত্র,নূরুদ্দিন জাহাঙ্গীর,200,172,
226,"সেই প্রেম, সেই সময়",আনোয়ারা সৈয়দ হক,100,86,1
227,বর্ষণে আনন্দে যাও মানুষের কাছে,রফিক আজাদ,70,60,
228,মৃতের পাসপোর্ট,মজহারুল ইসলাম,300,258,
229,সব বর্ষা কদমের নয়,লুৎফুন্নাহার পিকি,225,194,
230,ভালোবাসার দিনে প্রেমের পঙ্‌ক্তিমালা,আরিফ মঈনুদ্দীন,100,86,1
231,প্রতিপৃষ্ঠা নদীর জীবন,কামাল চৌধুরী,280,241,
232,কলকাতায় শেখ মুজিব,সৌগত চট্টোপাধ্যায়,700,602,
233,সেরা দশ গল্প,মঈনুল আহসান সাবের,400,344,
234,সেরা দশ গল্প,রবীন্দ্রনাথ ঠাকুর,350,301,
235,একজন মায়াবতী,হুমায়ূন আহমেদ,350,301,41
236,তপু ও তার বন্ধুরা,এ. বি. এম. গোলাম রব্বানী পলাশ,400,344,7
237,মুক্তিযুদ্ধের বাছাই গল্প,কণিকা রশীদ,300,258,
238,বিষয়টা সন্দেহজনক,বীথি রহমান,250,215,
239,প্রেমের কবিতা,ইকবাল হাসান,120,103,1
240,কলোম্বিয়ার সেরা দশ গল্প,আনিসুজ জামান,250,215,
241,সেরা দশ গল্প,পূরবী বসু,300,258,1
242,সোনামণিদের ছড়া টাবু,ড. ধনঞ্জয় সাহা,400,344,
243,অনির অসুখ,আহসান হাবীব (কার্টুনিস্ট),200,172,
244,হিন্দু কলেজ,ড. রতন সিদ্দিকী,300,258,
245,অচিনপুর,হুমায়ূন আহমেদ,200,172,30
246,সময় অসময়ের মুক্তিযুদ্ধ,জ্যোতিপ্রকাশ দত্ত,350,301,3
247,বাংলাদেশ আওয়ামী লীগ,সিলভিয়া পারভীন লেনি,580,499,
248,উপলদ্ধি,শাহ্জাহান কবির সাজু,350,301,
249,জ্ঞানতাপস ড. মুহম্মদ শহীদুল্লাহ,ড. মোহাম্মদ হাননান,250,215,
250,চক্রব্যূহ,মনোয়ার হোসেন,580,499,2
251,প্রেমের সমাধি,মো. আদিল মাহমুদ,400,344,
252,নীল চিরকুট,মো. আদিল মাহমুদ,450,387,
253,শিথানে সোনার কাঠি,জামাল হোসেন,300,258,1
254,অনন্ত ক্ষমার চিতাকাঠ,হাসান হাফিজ,300,258,
255,কবিতা কাঁদে,সোহেল চৌধুরী,500,430,
256,একটি অখণ্ড পৃথিবীর স্বপ্ন,নূহ-উল-আলম লেনিন,150,129,
257,শ্যামল ছায়া,হুমায়ূন আহমেদ,175,151,31
258,বরাক উপত্যকার ভাষা আন্দোলন,গোলাম কুদ্দুস,400,344,
259,কে কথা কয়,হুমায়ূন আহমেদ,650,559,26
260,পিতা,রুহুল আমিন (গল্পকার),300,258,22
261,অলীক নদীর তীরে,জামাল হোসেন,400,344,
262,মধ্যরাতের হলুদ বৃষ্টি,জামাল হোসেন,320,275,
263,নীল মানুষ,হুমায়ূন আহমেদ,300,225,16
264,অগ্নিপ্রভাত,সাঈদ আজাদ,450,387,10
265,Legend,সাদ ইসলাম,200,172,31
266,১৯৭৫,মোস্তফা কামাল,800,688,33
267,Mujib Led the People to Freedom,মুহাম্মদ আব্দুল হাই,400,344,
268,কিছু ফুল কিছু ভুল,সালমা সুলতানা,300,258,3
269,Dwandwasutra : Topics for Debate and Public Speaking,বিরূপাক্ষ পাল,450,387,2
270,রবির দ্বিতীয় বিয়ে,ফয়েজ তৌহিদুল ইসলাম,350,301,8
271,পিতা,ফয়েজ তৌহিদুল ইসলাম,250,215,5
272,ধূম্রজালে খেদু মিয়া,অসীম হিমেল,500,375,21
273,সমাপ্তি,লুৎফুন্নাহার পিকি,350,301,5
274,কালের ধুলোয় লেখা,শামসুর রাহমান,600,516,2
275,টানাপোড়েন,শানজানা আলম,600,516,7
276,অপরাধ তদন্তপদ্ধতি ও তদন্তকারীর করণীয়,এস এম আশরাফুজ্জামান দোলা,400,344,3
277,মুক্তিযুদ্ধের বাছাই গল্প,হুমায়ূন আহমেদ,225,194,2
278,ফুরায় বেলা,সালমা সুলতানা,400,344,
279,বাংলাদেশ রাজনীতি সরকার ও শাসনতান্ত্রিক উন্নয়ন (১৭৫৭-২০১৮),ড. হারুন-অর-রশিদ,600,516,3
280,মিথ্যা ঘটনা অবলম্বনে,সোহাইল রহমান,400,344,1
281,১৯৭১ বিধ্বস্ত বাড়িয়ায় শুধুই লাশ এবং,ইজাজ আহমেদ মিলন,450,387,
282,৭০ দশকের নির্বাচিত পাঁচটি উপন্যাস,হুমায়ূন আহমেদ,500,430,13
283,সেই তুমি,প্রণব ভট্ট,70,60,3
284,অতিমানবী,আহমেদ বাসার,380,327,7
285,নীল চিঠি,নিশো আল মামুন,400,344,1
286,প্রস্থানের আগে,হরিশংকর জলদাস,700,602,7
287,কলমের সঙ্গে সংসার,সৈয়দ শামসুল হক,250,215,5
288,সিডনির পথে পথে,বিরূপাক্ষ পাল,320,275,5
289,মানুষছবি,নিশো আল মামুন,380,327,2
290,তুমি একটু কেবল বসতে দিও কাছে,সুমন্ত আসলাম,280,241,3
291,ডাবল ক্রস,মনোয়ার হোসেন,400,300,8
292,হুমায়ূন আহমেদের সঙ্গে নয় রাত,মজহারুল ইসলাম,400,344,5
293,গল্প পঞ্চাশৎ,হুমায়ূন আহমেদ,650,488,6
294,নীল ধ্রুবতারা,ফরহাদ হোসেন,500,430,10
295,ফ্ল্যাট নম্বর নয় ছয়,লামইয়া চৌধুরী,900,774,1
296,মুনিয়া মারা গেছে,ফয়েজ তৌহিদুল ইসলাম,200,172,
297,নিঃশব্দ নিনাদ,সুদীপ চক্রবর্ত্তী,300,258,2
298,ছোটদের জন্য মুক্তিযুদ্ধের নির্বাচিত গল্প,আনোয়ারা সৈয়দ হক,250,215,
299,গ্যাংটকে গ্যাঁড়াকল দার্জিলিংয়ে কোলাহল,মজহারুল ইসলাম,350,301,4
300,কলকাতা রানাঘাট,হাসনাত আবদুল হাই,700,602,4
301,প্রধানমন্ত্রীই যেখানে অসহায়,প্রভাষ আমিন,300,258,6
302,ভাষা আন্দোলনে বঙ্গবন্ধুর ভূমিকা,ড. হারুন অর রশিদ,500,430,1
303,একান্ত মেয়েদের,ডা. সজল আশফাক,300,258,2
304,নির্বাচিত গল্পে বঙ্গবন্ধু,সেলিনা হোসেন,"1,000",860,2
305,চুম্বন (বাংলায় ভাষান্তর),কবীর চৌধুরী,175,151,4
306,লইট্টাসুন্দরী,রুহুল আমিন (গল্পকার),300,258,2
307,বীরযোদ্ধা সুবেদার রাজ্জাক আগরতলা মামলার চৌদ্দ নম্বর আসামি,ইজাজ আহমেদ মিলন,480,413,
308,নদী কারো নয়,সৈয়দ শামসুল হক,600,516,4
309,"বঙ্গীয় মুসলিম লীগ, পাকিস্তান আন্দোলন বাঙালির রাষ্ট্রভাবনা ও বঙ্গবন্ধু",ড. হারুন-অর-রশিদ,250,215,1
310,৭ই মার্চের ভাষণ কেন বিশ্ব-ঐতিহ্য সম্পদ : বঙ্গবন্ধু মুক্তিযুদ্ধ বাংলাদেশ,ড. হারুন-অর-রশিদ,280,241,
311,সুখী মানুষের জামা,প্রভাষ আমিন,350,301,
312,রক্তমূলে বিচ্ছেদ,সাদিয়া মাহ্‌জাবীন ইমাম,225,194,3
313,অন্যচোখে,আশান উজ জামান,250,215,3
314,এভালন দ্বীপে একরাত,সামসাদ ফেরদৌসি,280,241,13
315,একাত্তর ও অন্যান্য গল্প,সৈয়দ মনজুরুল ইসলাম,200,172,
316,জলের জমিন,হক ফারুক,250,215,6
317,শ্বেতপদ্ম,ড. তাবারক হোসেন,550,473,4
318,অনুভবের নীলনকশা,আবেদ চৌধুরী,200,172,4
319,প্রসূনদের জন্য ভালোবাসা,প্রভাষ আমিন,350,301,2
320,প্রিয় হুমায়ূন আহমেদ,ইমদাদুল হক মিলন,250,215,2
321,নিনির সবুজ জ্যোৎস্না,সুমন্ত আসলাম,200,172,1
322,মধ্যরাতের জোকস্‌,অধ্যাপক আতাউর রহমান,175,151,2
323,গণমাধ্যম ১৯৭১,হারুন হাবীব,400,344,1
324,চন্দ্রমুখীর সুইসাইড নোট,মোস্তফা কামাল,200,172,2
325,জলরঙ কাব্য,পার্থ প্রদীপ সরকার,175,151,1
326,ডেলিসিয়াস ডেজার্ট,মজহারুল ইসলাম,550,473,6
327,দেশ-বিদেশের রান্না,কেকা ফেরদৌসী,550,473,2
328,বৃষ্টি তোমার জন্য,সুমন্ত আসলাম,225,194,3
329,জেনারেলের কালো সুন্দরী,পীর হাবিবুর রহমান,250,215,
330,আমেরিকা! আমেরিকা!!,আহসান হাবীব (কার্টুনিস্ট),350,301,1
331,সুনীল সাগর জলে,ইঞ্জিনিয়ার ফেরদৌস খান,450,387,4
332,নির্জনে,প্রণব ভট্ট,125,108,5
333,সাতাশ এপ্রিল রাত বারোটা,সুমন্ত আসলাম,250,215,4
334,ওবায়েদ উল হক স্মারকগ্রন্থ,সিরাজুল ইসলাম চৌধুরী,800,688,
335,নারী ধর্ম ইত্যাদি,গোলাম মুরশিদ,700,602,2
336,ঠাট্টা,মঈনুল আহসান সাবের,60,52,4
337,ছোটদের ফকির লালন,সিনা হাসান,200,172,3
338,করোনা উপাখ্যান অতিমারি শাসনে এক পরিবারের কলম যুদ্ধ,ওয়ামেক আজফার রাজা,500,430,
339,তাসমানিয়া থেকে ক্যানবেরা,রাবেয়া খাতুন,120,103,1
340,হুমায়ূন আহমেদের ধর্মচেতনা ও মৃত্যুচিন্তা,ড. মোহাম্মদ হাননান,300,225,3
341,নিউক্লিয়ার ক্লাবে বাংলাদেশ,প্রকৌশলী মোঃ আনোয়ার হোসেন,250,215,
342,শ্লীল-অশ্লীল অভিধান,কাদের মাহমুদ,500,430,1
343,দি প্রফেট (স.),আরিফ মঈনুদ্দীন,280,241,6
344,ভুল সবই ভুল,ডা. সজল আশফাক,250,215,3
345,মিঃ সল্যুশন ম্যান,ইফতেখার শুভ,200,172,4
346,লেখা যখন হয় না,শঙ্খ ঘোষ,350,301,2
347,হুমায়ূন আহমেদ : অনন্ত জীবন যদি,নাসির আলী মামুন,800,688,3
348,আংটিহারা,মোঃ সাইফুর রহমান,500,430,4
349,আমার মুজিব,মহাদেব সাহা,350,301,1
350,নির্বাচিত প্রবন্ধ,বিচারপতি মুহাম্মদ হাবিবুর রহমান,400,344,2
351,সেরা দশ গল্প,ফারুক মঈনউদ্দীন,400,344,2
352,উনপঞ্চাশ বায়ু,মাশুক আল হোসাইন,300,258,
353,দারুচিনি দ্বীপে,রাবেয়া খাতুন,200,172,3
354,সেলাই করা হাওয়ার গান,মালেক মুস্তাকিম,280,241,
355,মুক্তিযুদ্ধের বাছাই গল্প,রাবেয়া খাতুন,300,258,
356,কিশোরদের নজরুল,আহমদ রফিক,250,215,
357,পীর মাহমুদ সংগৃহীত-সঙ্কলিত চিকিৎসাসংগ্রহ,মুহম্মদ শাহজাহান মিয়া,500,430,4
358,পৃথিবী তোমাকে আমি ভালবাসি,মহাদেব সাহা,50,43,1
359,ডেজার্ট ডিলাইট,মজহারুল ইসলাম,550,473,3
360,ভ্যাট আইন ও ইস্যু - নতুন সংস্করণ,ড. আব্দুল মান্নান শিকদার,"1,500","1,290",
361,বিশ্বজোড়া অনন্ত অঙ্গনে,ফারুক মঈনউদ্দীন,380,327,
362,আমার মুক্তিযুদ্ধ,শাহাবুদ্দিন আহমেদ,500,430,1
363,নগর ঢাকায় জনৈক জীবনানন্দ,পিয়াস মজিদ,120,103,3
364,কয়লাতলা ও অন্যান্য গল্প,সৈয়দ মনজুরুল ইসলাম,380,327,1
365,শেক্সপীয়রের গল্প,কবীর চৌধুরী,150,129,2
366,সেরা দশ গল্প,সৈয়দ মনজুরুল ইসলাম,300,258,1
367,১০১ টি দেশি মাছ রান্না,বিশ্বজিৎ সরকার,550,473,2
368,বঙ্গবন্ধু শেখ মুজিবুর রহমানের মানবিক চিন্তা-চেতনা ও জীবনদর্শন,ড. আবদুল খালেক,380,327,
369,মেঘের সোনালী চুল,নাসরীন জাহান,50,43,1
370,উপন্যাস সমগ্র-৭,সৈয়দ শামসুল হক,400,344,1
371,মেন এন্ড ওমেন,মোঃ রাব্বি আহসান,350,301,1
372,আরও হাফডজন ছোট কাকু,ফরিদুর রেজা সাগর,400,344,
373,আজগুবি রাত,সৈয়দ মনজুরুল ইসলাম,225,194,3
374,মুক্তিযুদ্ধের বাছাই গল্প,ইমদাদুল হক মিলন,250,215,1
375,শাকান্ন,শওকাত ওসমান,500,430,4
376,বঙ্গবন্ধুর নারী ভাবনা ও আজকের বাংলাদেশ,পূরবী বসু,250,215,1
377,রসগল্পের রাজকোষ,অধ্যাপক আতাউর রহমান,500,430,1
378,আইবেকের দৈত্য,রাহাত খান (উপন্যাসিক),70,60,2
379,উড়ে যায় মালতি পরী,সৈয়দ শামসুল হক,70,60,3
380,তিন সমুদ্রের দেশে,ওবায়দুল কাদের,60,52,1
381,হুমায়ূন আহমেদের-এর শেষ ও প্রথম চলচ্চিত্র,মতিন রহমান,225,194,1
382,"স্বপ্ন, দুঃস্বপ্ন ও বোবার স্বপ্ন",বিচারপতি মুহাম্মদ হাবিবুর রহমান,250,215,
383,উপন্যাস সমগ্র-৪,সৈয়দ শামসুল হক,500,430,4
384,মৎসান্ন,শওকাত ওসমান,600,516,1
385,কতদিন পরে এলে,প্রণব ভট্ট,100,86,2
386,ঢেউয়ের ভেতর দাবানল (এইচ এস বি সি - কালি ও কলম সাহিত্য পুরস্কার),নওশাদ জামিল,100,86,1
387,মৌমিতা ভালোবেসেছিল,প্রণব ভট্ট,125,108,2
388,উপন্যাস সমগ্র-১০,সৈয়দ শামসুল হক,450,387,2
389,গল্পসকল -১ম খণ্ড,সৈয়দ মনজুরুল ইসলাম,700,602,
390,জালবন্দি জীবন,লুৎফুন্নাহার পিকি,400,300,2
391,কালো মেঘের ওপারে পূর্ণিমা,মহাদেব সাহা,75,65,1
392,আমার ভিতরে যতো অন্ধকার আমার ভিতরে যতো আলো,মহাদেব সাহা,50,43,2
393,নির্বাচিত বঙ্গবন্ধু,আতিউর রহমান,450,387,
394,আনন্দমহল,শাতিল রাফিয়া,250,215,
395,অস্কার বিজয়ী চলচ্চিত্র,মুম রহমান,500,430,1
396,হাত বাড়িয়ে দাও,আরিফ মঈনুদ্দীন,175,151,4
397,"রবীন্দ্রনাথ, ‘গীতাঞ্জলি’ ও নোবেল ‍পুরস্কার",আহমদ রফিক,300,258,1
398,জাতির উদ্দেশে ভাষণ,শেখ হাসিনা,"1,000",860,2
399,ফেরা না-ফেরার গল্প,মাহবুবুল হক শাকিল,150,129,2
400,কে তুমি,সুমন্ত আসলাম,225,194,4
401,ভালোবাসার লাল পিঁপড়ে,আনোয়ারা সৈয়দ হক,75,65,2
402,ভাষা আন্দোলন সহজ পাঠ,গোলাম কুদ্দুস,320,275,
403,গুবলুর গোয়েন্দাগিরি,অরুণ কুমার বিশ্বাস,175,151,
404,জনকের গল্প,হাসনাত আবদুল হাই,400,344,1
405,সেরা দশ গল্প,ইমদাদুল হক মিলন,350,301,2
406,ইহকালে এইসব হয়,ফয়েজ তৌহিদুল ইসলাম,225,194,3
407,মায়াগন্ধা,মহিবুল আলম,500,430,4
408,যাবজ্জীবন দীর্ঘশ্বাস,ইজাজ আহমেদ মিলন,300,258,2
409,অরণ্যে তারুণ্যে,দন্ত্যস রওশন,200,172,5
410,অতঃপর,লুৎফুন্নাহার পিকি,250,215,4
411,কবচকুন্ডল,নাসরীন জাহান,250,215,2
412,নারীর প্রেম তার বিচিত্র অনুভব,নাসরীন জাহান,120,103,1
413,ছোটদের বেগম রোকেয়া,পূরবী বসু,150,129,1
414,বুনোকে লেখা প্রেমপত্র,পীর হাবিবুর রহমান,200,172,2
415,পুরনো রাস্তা নতুন পারাপার,শেলী রহমান,400,344,1
416,কষ্টের রংধনু,মারুফুল ইসলাম,280,241,1
417,দূর পৃথিবীর গন্ধে,নাসরীন জাহান,65,56,1
418,অতিক্রম,সৈয়দ শামসুল হক,120,103,1
419,উপন্যাস সমগ্র-৪,সেলিনা হোসেন,750,645,1
420,জলধরের কীর্তি,হরিশংকর জলদাস,250,215,1
421,সামান্তা,নাসরীন জাহান,150,129,1
422,নিভৃতে সেদিন,প্রণব ভট্ট,160,138,5
423,তৃতীয় পক্ষ,ফরহাদ হোসেন,400,300,2
424,অধরা,আন্দালিব রাশদী,200,172,3
425,বিশ্বনাট্যের গতিপ্রকৃতি ও অন্যান্য,রামেন্দু মজুমদার,250,215,1
426,ডিকসন সাহেবের ভূত,ফরিদুর রেজা সাগর,100,86,2
427,মিথ্যে তুমি দশ পিঁপড়ে,হাবীবুল্লাহ সিরাজী,120,103,1
428,রবীন্দ্র-সাহিত্যের নায়িকারা দ্রোহে ও সমর্পণে,আহমদ রফিক,450,387,1
429,আঠারো শতকের গদ্য,গোলাম মুরশিদ,"1,250","1,075",3
430,উপন্যাস সমগ্র-৫,সৈয়দ শামসুল হক,500,430,2
431,সেরা গল্প ও কবিতা । ৬,মোমিন রহমান,250,215,1
432,৯০ দশকের ৫টি উপন্যাস,হুমায়ূন আহমেদ,600,516,9
433,নির্বাচিত গল্প,নাসরীন জাহান,350,301,1
434,ব্রিটেনের রূপসী বাংলা ও আমাদের জীবনকথা,রায়হানা মাহবুব,225,194,9
435,সাত অসুখের সাতকাহন,ডা. সজল আশফাক,350,301,3
436,কাঠপেঁচা,নাসরীন জাহান,100,86,3
437,সৌন্দর্য সংবাদ,রাবেয়া খাতুন,50,43,2
438,উপন্যাস সমগ্র-৬,সৈয়দ শামসুল হক,500,430,2
439,বাংলাদেশ উন্নয়ন ও ভবিষ্যৎ সম্ভাবনা,এ কে আব্দুল মোমেন,350,301,
440,চেতনার উত্তরাধিকার : ভাষা দর্শন সংস্কৃতি,পুলক দেবনাথ,350,301,
441,আবু ওসমানের নিজস্ব ভুল,পলাশ মাহবুব,200,172,1
442,কুয়াশা ক্যাফে,পিয়াস মজিদ,120,103,3
443,বাংলা টেলিভিশনের ৫০ বছর,ফরিদুর রেজা সাগর,"1,000",860,1
444,বোধ অবোধের মাঝামাঝি,মনজুরুল করিম,350,301,3
445,ঝরে যাওয়া দিনগুলো,মির্জা নূর আহম্মদ,275,237,
446,আপ্যায়ন,শওকত ওসমান (এশিয়ান),550,473,2
447,টক অব দ্য টাউন,আবেদ খান,80,69,
448,নাটক সমগ্র ১ম খণ্ড,আবদুল্লাহ আল মামুন (নাট্যকার),400,344,1
449,বিশ্বসেরা রূপকথা,হাসান খুরশীদ রুমী,300,258,
450,পুরনো ও নতুন কবিতা এবং অন্যান্য প্রসঙ্গে,ফরিদ কবির,100,86,3
451,দুলিয়ে দাও রুমাল,সৈয়দ শামসুল হক,75,65,1
452,"স্বর্গ নেই, আছে উপসর্গ",প্রভাষ আমিন,300,258,
453,১০১ বিদেশী রান্না,মজহারুল ইসলাম,600,516,4
454,স্বপ্নের সীমানায় পারাপার,জ্যোতিপ্রকাশ দত্ত,120,103,1
455,স্নায়ু দিয়ে চেনা,নাসরীন জাহান,150,129,2
456,শ্রেষ্ঠ উপন্যাস,রাবেয়া খাতুন,250,215,1
457,জাদুবাস্তবতার টানে মার্কেসের কলম্বিয়ায়,রাজু আলাউদ্দিন,400,344,
458,মেঘের ওপারে,লোপা কায়সার,250,215,1
459,লোকটির চোখে কুয়াশা ছিল,মোহাম্মদ হোসেন,50,43,2
460,চিকেন চয়েস,মজহারুল ইসলাম,350,301,1
461,এবার আপনিই হাফ ডাক্তার,ডা. সজল আশফাক,225,194,1
462,বৈশাখী মেঘের কান্না,মুনিয়া মাহমুদ,400,344,
463,রানি দ্বিতীয় এলিজাবেথ ও মায়াবী দাঁড়কাক,হুসেইন ফজলুল বারী,500,430,
464,তাসমান পাড়ে ভালোবাসার উৎসব,শামীম আল আমিন,250,215,2
465,পৃথিবীর মানচিত্রে একটি মুজিব তুমি,আমির হামজা,250,215,1
466,নৈঃশব্দের নগরী,মাসুদা ভাট্টি,70,60,2
467,বিচূর্ণ ছায়া,নাসরীন জাহান,100,86,1
468,আমি কবি,মোস্তফা কামাল,250,215,1
469,শেষ থেকে শুরু,রেজানুর রহমান রেজা,45,39,5
470,জালাল মাস্টারের সংসার,মজহারুল ইসলাম,300,258,4
471,নিবেদন ইতি (উত্তরখণ্ড),মুস্তফা নূর-উল ইসলাম,300,258,
472,তখনো জোছনা ছিল,প্রণব ভট্ট,130,112,1
473,ও বন্ধু আমার,ইমদাদুল হক মিলন,100,86,1
474,শ্যামলী তোমার মুখ,আবদুল মান্নান সৈয়দ,150,129,1
475,পানেছার বানুর নকশীকাঁথা,হাসনাত আবদুল হাই,275,237,2
476,উপন্যাস সমগ্র-৩,সৈয়দ শামসুল হক,500,430,2
477,শঙ্খবতী মন,উম্মে সালমা মলি,300,258,1
478,মেথর সমাচার,হায়দার বসুনিয়া,220,189,2
479,পলাতকা,সিরাজুল ইসলাম (কথাশিল্পী),225,194,
480,নির্বাচিত প্রেমের উপন্যাস,মঈনুল আহসান সাবের,200,172,1
481,অটিজম : রহস্যময় এক মানসিক অবস্থা,ডঃ মোঃ আনোয়ার হোসেন বাবলু,300,258,
482,বিলডাকিনি,নূরুদ্দিন জাহাঙ্গীর,300,258,5
483,প্রবাসে প্রদোষে,ভূঁইয়া সফিকুল ইসলাম,450,387,7
484,বেদনার বিবর্ণ বাকল,দেওয়ান লালন আহমেদ,225,194,
485,মাটির মলাট,মহাদেব সাহা,100,86,
486,অর্পিত পদাবলি,সৈয়দ শামসুল হক,250,215,3
487,ফেলে যাওয়া রুমালখানি,ইমদাদুল হক মিলন,200,172,2
488,কবিদের লেখা প্রেমের গল্প,ফরিদ কবির,120,103,2
489,কাজল কালো চোখ,প্রণব ভট্ট,80,69,1
490,কমলাসুন্দরী আর এক সন্ধ্যার কাহিনী,নাসরীন জাহান,50,43,1
491,নির্বাচিত প্রবন্ধ,মুস্তাফা নূরউল ইসলাম,170,146,1
492,কুয়াশার ভোর,রাবেয়া খাতুন,200,172,2
493,সংরক্ষিত মহিলা আসন সরাসরি নির্বাচন,মালেকা বেগম,60,52,1
494,নির্বাচিত প্রবন্ধ,আবুল মাল আবদুল মুহিত,500,430,3
495,মায়ামুকুট,স্বকৃত নোমান,400,344,1
496,সূর্যাস্তের শেষ রঙ,নাসরীন জাহান,250,215,1
497,ক্রাইসিস,অরুণ কুমার বিশ্বাস,250,215,3
498,নায়ক রাজ রাজ্জাক,মোমিন রহমান,300,258,1
499,চাঁদের আলোয় রাগিব আলী এবং সে,মোস্তফা কামাল,200,172,2
500,জিরো মোটিভ,অরুণ কুমার বিশ্বাস,300,258,
501,বর্ণধারা,এনামুল করিম নির্ঝর,250,215,
502,কিশোর ইন্টারনেট,জাকারিয়া স্বপন,175,151,2
503,ক্রুশকাঠে কন্যা,নাসরীন জাহান,200,172,1
504,একদিন জ্যোৎস্নাভাঙা রাতে,সুমন্ত আসলাম,250,215,2
505,তাহার কথা খুব মনে পড়ে আজ,জামাল হোসেন,280,241,
506,রোকেয়া ও রবীন্দ্রনাথ কাছে থেকেও দূরে,পূরবী বসু,200,172,
507,বঙ্গবন্ধুর জন্মশতবর্ষে নির্বাচিত প্রবন্ধ,ড. হারুন অর রশিদ,750,645,
508,রাজায় রাজায় যুদ্ধ : কিশোরদের জন্য প্রথম বিশ্বযুদ্ধের গল্প,মুনিয়া মাহমুদ,250,215,2
509,রিমঝিম মাংসবিতান,পিয়াস মজিদ,250,215,
510,মানুষ হবার কাল্পনিক গল্প,মাহমুদ আক্তার শরীফ,300,258,
511,বঙ্গবন্ধু শেখ মুজিব যাঁর নামে আমাদের মুক্তিযুদ্ধ হয়েছিল,প্রকৌশলী মোঃ আনোয়ার হোসেন,350,301,1
512,বাংলাদেশ তোমাকে প্রণাম,মহাদেব সাহা,120,103,1
513,জননী সাহসিকা বেগম সুফিয়া কামাল শেষ প্রণতি,সৈয়দ শামসুল হক,150,129,
514,ভ্রমণ নয়,ফরিদুর রেজা সাগর,350,301,1
515,ঈশ্বরের বামহাত,নাসরীন জাহান,350,301,1
516,শেষ ভ্রমণের আগে,তানভীর তারেক,400,344,
517,আলিম বেগের খুলি,অরুণ কুমার বিশ্বাস,300,258,
518,ঐতিহ্যের পিঠা,কানিজ আলমাস খান,600,516,1
519,শেষের কবিতা (১৯২৯ - ২০১১),রবীন্দ্রনাথ ঠাকুর,200,172,1
520,নিংসঙ্গতার পাহারাদার,নাসরীন জাহান,225,194,1
521,প্যারিসের হ্যারিস সাহেব,ফরিদুর রেজা সাগর,120,103,2
522,নিবেদন ইতি (পূর্বখণ্ড),মুস্তফা নূর-উল ইসলাম,250,215,
523,দূর্বা শিশির ও পর্বতমালা,আবেদ চৌধুরী,120,103,2
524,পাঁচ তারকা হোটলের রান্না,মজহারুল ইসলাম,400,344,2
525,নক্ষত্রের রাত,হুমায়ূন আহমেদ,280,241,20
526,Dreaming Raindrops,সাদ ইসলাম,200,172,49
527,বাংলার গানের পাখি ফেরদৌসী রহমান,রফিকুল ইসলাম,500,430,
528,সবুজ নীল লাল জামা,সৈয়দ শামসুল হক,60,52,2
529,কবিতাপুর,শাহাবুদ্দীন নাগরী,100,86,1
530,শ্রেষ্ঠ প্রবন্ধ,শামসুজ্জামান খান,500,430,
531,উপন্যাস সমগ্র-১১,সৈয়দ শামসুল হক,500,430,
532,রৌদ্রবেলা ও ঝরাফুল,মাসুদ আহমেদ,250,215,1
533,শূন্যের ভিতরে,সিদ্ধার্থ হক,250,215,2
534,হুমায়ূন আহমেদের ছোটগল্প বিষয়বৈচিত্র্য ও শিল্পরূপ,মুম রহমান,380,327,
535,পথের শেষে,মাহবুবা হোসেইন,225,194,1
536,ওইখানে যেয়ো নাকো তুমি,প্রণব ভট্ট,125,108,1
537,অ্যালেনপোর বিড়াল,নাসরীন জাহান,80,69,1
538,মেয়েটি ঢাকা যাচ্ছে,রাবেয়া খাতুন,130,112,1
539,মৃত্যুসখীগণ,নাসরীন জাহান,90,77,1
540,আধারে রঙিন রাখাল,নাসরীন জাহান,100,86,2
541,কানাগলির মানুষেরা,সৈয়দ মনজুরুল ইসলাম,350,301,2
542,হুমায়ূন আহমেদ হাসান আজিজুল হক এবং অন্যরা,মমিনুল ইসলাম,350,301,
543,একজন আমলা-কবির উপাখ্যান,শাহাবুদ্দীন নাগরী,200,172,1
544,তিন খুদে গোয়েন্দা,এলিজাবেথ আরিফা মুবাশশিরা,120,103,1
545,স্বপ্নে দেখা মুখ,ইমদাদুল হক মিলন,200,172,1
546,রাত্রি নামছে,সিদ্ধার্থ হক,300,258,
547,একজীবনে টেলিভিশন,ফরিদুর রেজা সাগর,550,473,1
548,মুনির চৌধুরী রচনা সমগ্র-২,আনিসুজ্জামান,500,430,
549,কানামাছি কোন স্বপ্নে ছুট?,নাসরীন জাহান,200,172,2
550,নির্বাচিত ১০০ কবিতা,শাহাবুদ্দীন নাগরী,250,215,
551,আকাশে অনেক রাত,নাসরীন জাহান,180,155,1
552,নির্বাচিত প্রবন্ধ,মুনতাসীর মামুন,275,237,1
553,কুয়াশার ফণা,নাসরীন জাহান,150,129,2
554,মেডিকেলে পড়ার দিনগুলো,শামছুন নাহার,250,215,1
555,উৎকট তন্দ্রার নিচে,সৈয়দ শামসুল হক,150,129,1
556,সেরা দশ গল্প,আনোয়ারা সৈয়দ হক,350,301,
557,ষোলো বছরে শেখ হাসিনার সাফল্য,সুলতান মাহমুদ,600,516,
558,সূর্যমুখীরা দুই বোন,পলাশ মাহবুব,200,172,
559,নবিজী সাল্লাল্লাহু আলাইহি ওয়াসসাল্লাম,ড. মোহাম্মদ হাননান,680,476,1
560,বিজন নীল জলে,মাসুদ আহমেদ,300,258,1
561,ওয়াং সাহেবের ব্যাঙ,ফরিদুর রেজা সাগর,100,86,
562,রাষ্ট্র রাইফেল ও ব্যক্তিমানুষের বয়ান,মাসুদুজ্জামান,400,344,1
563,এবারও হাফডজন ছোটকাকু,ফরিদুর রেজা সাগর,450,387,1
564,ঘুমহীন ক্যামভাস,সিদ্ধার্থ হক,50,43,
565,মহাকালের ঘোড়া,ইরাজ আহমেদ,240,206,1
566,অতঃপর হিরণ্ময়তা,ফারহানা হক,175,151,2
567,যাত্রার শেষ সীমানা,রেজাউর রহমান,200,172,1
568,গল্পকল্প ও বাঁচামরার জীবন,জ্যোতিপ্রকাশ দত্ত,60,52,
569,স্বর্গলোকের ঘোড়া,নাসরীন জাহান,150,129,1
570,যুদ্ধ যখন তাড়িয়ে বেড়াতো,আনা ইসলাম,200,172,1
571,তৃতীয় বোধের নগর,মুজতবা আহমেদ মুরশেদ,75,65,1
572,সেই সাপ জ্যান্ত,নাসরীন জাহান,180,155,1
573,ঋষি ও নারী,মঈনুল আহসান সাবের,100,86,2
574,কণার অনিশ্চিত যাত্রা,সিরাজুল ইসলাম চৌধুরী,90,77,1
575,বধ্যভূমিতে বসন্ত বাতাস,সেলিনা হোসেন,500,430,
576,বিরহী,প্রণব ভট্ট,140,120,2
577,জোড়া শালিক,রেজানুর রহমান রেজা,60,52,1
578,স্বপ্নবাড়ি,সৈয়দ শামসুল হক,150,129,2
579,আর্নেস্ট হেমিংওয়ে সেরা দশ গল্প,মোজাফফর হোসেন,450,387,
580,হিম শ্রাবণে এক মুঠো জোনাকির উষ্ণতা,কায়সার খসরু,250,215,
581,বাংলার স্মরণীয় নারী,পূরবী বসু,350,301,1
582,ফোড়া ফাটাইতে চাই,মোহাম্মদ কামরুজ্জামান (ব্যাংকার),250,215,3
583,তিনটি মঞ্চনাটক,নাসরীন জাহান,225,194,1
584,শূন্য নভে ভ্রমি,জ্যোতিপ্রকাশ দত্ত,120,103,1
585,বঙ্গবন্ধু বাংলাদেশ - তারিক সুজাত,তারিক সুজাত,"1,200","1,032",
586,ভরা থাক স্মৃতি সুধায়,সিতারা পারভীন,375,323,1
587,দুবাইয়ের দুবে সাহেব,ফরিদুর রেজা সাগর,100,86,1
588,পাখি তুমি সেদিন রাতে কাঁদছিলে কেন?,নাসরীন জাহান,75,65,1
589,কাচপোকা,জায়েদ ফরিদ,40,34,
590,অস্বচ্ছ দূরবীন,ফজলুল আলম,70,60,1
591,কবি ও একটি মেয়ে,ইমদাদুল হক মিলন,200,172,1
592,আমি কবি,মোস্তফা কামাল,250,215,
593,সিসেমের দ্বিতীয় দরজা,নাসরীন জাহান,200,172,
594,আধুনিক পদ্যে প্রাচীন চর্যাপদ,কাদের মাহমুদ,200,172,1
595,"পরমাণু বিদ্যুৎ, স্বাস্থ্য ও অন্যান্য প্রসঙ্গ",ডা. এম. এ. করীম,300,258,2
596,বিবি হাওয়ার আপনজন ও নারীজীবনের অন্যান্য গল্প,জ্যোতিপ্রকাশ দত্ত,250,215,2
597,হলিউডের হইচই সাহেব,ফরিদুর রেজা সাগর,120,103,1
598,নক্ষত্র নিভে যায়,আহাদুজ্জামান মোহাম্মদ আলী,280,241,
599,রুশ বিপ্লবের শতবর্ষ ও অন্যান্য,পিয়াস মজিদ,180,155,
600,প্রার্থনার মতো একা,নওশাদ জামিল,150,129,1
601,৩টি কিশোর উপন্যাস,স্বদেশ রায়,75,65,
602,লাজুক লিরিক ২,মহাদেব সাহা,60,52,1
603,সেরা দশ গল্প,রাবেয়া খাতুন,300,258,1
604,জীবনানন্দ : কবি প্রেমিক ‍গৃহী,আহমদ রফিক,300,258,
605,এইসব অনুভব,আহাদুজ্জামান মোহাম্মদ আলী,300,258,
606,সুপারহিরো বুলু,আমের মোস্তাক,120,103,1
607,গল্প পঞ্চাশৎ,জ্যোতিপ্রকাশ দত্ত,500,430,
608,মদের গেলাসে নাচে বরফের ওম,নাসরীন জাহান,200,172,1
609,ভেনিসের ডেনিশ সাহেব,ফরিদুর রেজা সাগর,150,129,1
610,কার সাথে কে যায়,সৈয়দ হায়দার,80,69,1
611,বাংলাদেশের সমকালীন গল্প (প্রাক পর্ব),আবুবকর সিদ্দিক,350,301,1
612,আগুনের ফুল ফোঠে ঠোঁটে,শাহাবুদ্দীন নাগরী,50,43,
613,সমুদ্রবন ও প্রণয়পুরুষ,রাবেয়া খাতুন,180,155,1
614,আচ্ছা ছড়া বাচ্চা ছড়া,আলম তালুকদার,150,129,1
615,কাছে থেকে দেখা শেখ মুজিব,ড. শেখ মেহেদী হাসান,600,516,
616,মরু গুহা ও দ্বীপের গল্প,ফারুক মঈনউদ্দীন,450,387,
617,দুই রমণী,আনোয়ারা সৈয়দ হক,200,172,2
618,দায়ভাগ,নূরুদ্দিন জাহাঙ্গীর,350,301,
619,শিশুদের রবীন্দ্রনাথ জীবন ও সৃষ্টি,আহমদ রফিক,300,258,1
620,যখন সরোবরে ফুল ফোটে না,পূরবী বসু,200,172,1
621,নির্ঝর সন্নিকেট,আবুল হায়াত,70,60,2
622,সঙ্গীতের তত্ত্বকথা,ইলা মজুমদার,85,73,1
623,ফজলুল হক অগ্রগামী ‍স্বাপ্নিক,আহমাদ মাযহার,500,430,
624,নির্বাচিত ১০০ কবিতা,তুষার দাশ,250,215,
625,মানুষ ও মুক্তিযুদ্ধের সংলাপগদ্য,রণজিৎ বিশ্বাস,200,172,1
626,নির্বাচিত ১০০ ছড়া,আমীরুল ইসলাম,300,258,1
627,উত্তর খুঁজে পাই না,ড. আলী আকবর মল্লিক,400,344,
628,পাতাবাঁশি ও ওরা পাঁচজন,সালেহা চৌধুরী,100,86,
629,সন্ধ্যার মেঘমালা,শহিদ হোসেন খোকন,90,77,
630,তিতমৌ,হামিদ কায়সার,80,69,1
631,নিঃসঙ্গতার পাখিরা,হক ফারুক,200,172,
632,বাউণ্ডুলের আত্মকথন,হায়দার বসুনিয়া,325,280,1
633,জ্বেলে রাখব আমার কবরে,মুহম্মদ নূরুল হুদা,120,103,1
634,সাবলেট,সিদ্ধার্থ হক,280,241,
635,আকবর রাজাকার হয়েছিল,শাহাবুদ্দীন নাগরী,200,172,1
636,শিল্পের সারগাম,ফারুক সুমন,280,241,1
637,দেবীনামা,ইমরান চৌধুরী,200,172,
638,এ এক অদ্ভুত লজ্জা,নাসরীন জাহান,200,172,1
639,ভাসমান,সিদ্ধার্থ হক,175,151,1
640,Contemporary Social Concerns,ড. জুলফিকার আহমেদ আমিন,450,387,
641,শাহবাগে ব্যালেরিনা,হাসনাত আবদুল হাই,350,301,
642,কথা কও বায়ু,নাশাদ ময়ুখ,250,215,
643,১০১টি পাঁচমিশালি রান্না,হাসিনা ইসলাম কলি,550,473,2
644,একটি ভ্রমণের বেদনা,ভূঁইয়া সফিকুল ইসলাম,250,215,1
645,গানে গানে জাগরণ,নাছিমা বেগম,175,151,1
646,সেরা দশ গল্প,জ্যোতিপ্রকাশ দত্ত,225,194,1
647,বর্ষা মেঘের দিন,অধ্যাপক ডাঃ শামছুন নাহার,225,194,
648,কাজুও ইশিগুরোর গল্প,সম্পদ বড়ুয়া,450,387,
649,কেবলই পিছনে তাকাই,হোসেন আবদুল মান্নান,300,258,
650,সেরা গল্প ও কবিতা-৩,মোমিন রহমান,250,215,1
651,পাঠানুরাগ ও বইয়ের বাজার,গোলাম মঈনউদ্দিন,160,138,1
652,ক্রান্তিকালে প্রতারক,ফজলুল আলম,85,73,1
653,উদ্ধত আয়ু,ফেরদৌস নাহার,100,86,7
654,দরোজায় দাঁড়িয়ে আছি,শাহাবুদ্দীন নাগরী,60,52,1
655,দুলে ওঠে রূপালি চাদর,শাহাবুদ্দীন নাগরী,60,52,1
656,অন্যতমা অন্যদিকে যায়,নাসরীন জাহান,300,258,
657,শামসুদ্দীন আবুল কালাম তাঁর অপ্রকাশিত চিঠি ও স্মৃতি,পূরবী বসু,400,344,
658,লোকপুরাণ জনসমাজ ও কথাশিল্প,বিশ্বজিৎ ঘোষ,400,344,1
659,নারী পুরুষ ও পরিবারের বিবর্তন,গরীব নেওয়াজ,"1,000",860,
660,লোনাজলে বসবাস,ফয়েজ তৌহিদুল ইসলাম,200,172,
661,ফিরে যাবার পথ অনিশ্চিত,আনোয়ারা সৈয়দ হক,250,215,
662,সকাল ভাঙা দিন,আরিফ মঈনুদ্দিন,150,129,1
663,১৯৭১ পেছনে ফিরে দেখা,শামীমা জাফরিন,500,430,
664,লজিং মাস্টার,সিদ্ধার্থ হক,200,172,2
665,ফুলশার্ট,শাহাবুদ্দীন নাগরী,200,172,1
666,চন্দ্রালোকে ছায়াহীন,জ্যোতিপ্রকাশ দত্ত,220,189,1
667,রহস্য মানবী,কানিজ ফাতেমা,450,387,
668,চিলেকোঠার ভূত,সামস আহমেদ,250,215,
669,পণ্ডিতের প্রযোজিত যাত্রাপালা,তুষার দাশ,250,215,
670,সড়ক নম্বর আনন্দ বাড়ি নম্বর বেদনা,ফয়েজ তৌহিদুল ইসলাম,200,172,
671,উড়ে যায় নিশিপক্ষী,নাসরীন জাহান,650,559,1
672,দাড়ি কমা এবং একটি পাখি,লোপা কায়সার,225,194,1
673,ফিরে এসো তিশা,জামাল রেজা,280,241,
674,বসন্তের কৃষ্ণচূড়া,আহমেদ সোহেল,225,194,1
675,আমি এবং কয়েকটি প্রজাপতি,হুমায়ূন আহমেদ,300,258,24
676,নানান দেশে নানান পথে - ১,মোহাম্মদ আলমগীর আলম,600,516,
677,ত্রিপুরার গল্প,মজহারুল ইসলাম,300,258,
678,মায়াবী শব্দ যত,মোঃ গোলাম রহমান,250,215,
679,নির্বাচিত রবীন্দ্রনাথ,আহমদ রফিক,450,387,1
680,মন মৃত্তিকা,ভাস্কর সাহা,250,215,1
681,নির্বাচিত ১০০ ছড়া,আসলাম সানী,250,215,1
682,মায়া মেঘ নির্জনতা,মুস্তাফিজ শফি,100,86,
683,স্বপ্নে-সতীনে সব সত্যনাশ,আশরাফ আহমদ,150,129,
684,মুহূর্ত নায়ক,রাবেয়া খাতুন,120,103,1
685,মায়াবী সন্ধ্যার মাধুরী তুমি,আহমেদ মাসুদ ইকবাল,280,241,1
686,অদৃশ্যগুচ্ছ,শিহাব শাহরিয়ার,180,155,
687,সিংগাপুরের সিংহলী সাহেব,ফরিদুর রেজা সাগর,100,86,
688,মুমু অথবা মম’র গল্প,মোমিন রহমান,140,120,1
689,ঘূর্ণি নিলয়,সালেহ উদ্দিন আহমদ,100,86,1
690,খান্নাছ,মাহমুদুল খান,60,52,
691,পরানে বাজে বাঁশি,শহিদ হোসেন খোকন,120,103,1
692,ঘন আঙরার দিন,তুষার দাশ,80,69,
693,সুন্দরের সংগ্রাম ও বুদ্ধিবাদের ট্রাজেডি,মোঃ নজরুল ইসলাম,100,86,1
694,নিভৃত নিলয়ে,আরিফ মঈনুদ্দীন,100,86,1
695,"পাল্টায় নারী, বাহারী",আফসানা কিশোয়ার,100,86,1
696,দূরে স্বাতীতারা জাগে,মারুফ রায়হান,50,43,
697,কার্নিসে ঝুলন্ত গোলাপ,আনোয়ারা সৈয়দ হক,275,237,1
698,ভেঙে যায় মধুর পেয়ালা,শাহাবুদ্দীন নাগরী,100,86,1
699,ত্রয়ী,ফারহানা লিজা,250,215,
700,পড়ে থাকে অহংকার,শিহাব শাহরিয়ার,200,172,
701,বিশ্বাসীও নই ভণ্ডও নই,মারুফুল ইসলাম,280,241,
702,ভূমিপুত্র,রেজা ঘটক,200,172,2
703,ডুবে যেতে যেতে,আযীমুল হক,200,172,
704,হাজার বছরের গ্রামবাংলা,শামছুন নাহার,250,215,
705,দিগন্তে মেহেদী বনের ছায়া,রূমানা চৌধুরী,250,215,
706,প্রাণপ্রপাত,মাসুদ আহমেদ,200,172,
707,আমার উত্তরাধিকার,চৌধুরী নূর হুসাইন,500,430,
708,ছোটদের বিদেশী গল্প,রাযী-উদ-দীন কুরেশী,60,52,
709,আহমদ রফিক জীবনবাস্তবতার নান্দনিক কবি,মুনীর সিরাজ,225,194,1
710,সেরা দশ গল্প,আহমাদ মোস্তফা কামাল,425,366,
711,সেরা দশ গল্প,স্বকৃত নোমান,380,327,
712,কেঁদে যায় বিকেলের শরীর,বীথি রহমান,250,215,1
713,হৃদয়ের আয়না,শাহ্জাহান কবির সাজু,500,430,
714,প্রত্যাশা,কাজী এনায়েত উল্লাহ,400,344,
715,"গল্পের জীবন, জীবনের গল্প",মোহাম্মদ আলমগীর আলম,300,258,
716,ভাবনার অনুরণন,মোহাম্মদ আলমগীর আলম,400,344,
717,পরম সুন্দরী,মনিজা রহমান,550,473,
718,স্বপ্নেরা বাড়ি ফেরে,মনিরুস সালেহীন,250,215,
719,প্রেমের চিঠি,শহীদ হাসান পীযূষ,616,530,
720,জ্যামিতি বাক্সের গল্প,রেজাউদ্দিন স্টালিন,200,172,1
721,আহমদ রফিকের পথচলা,রইস উদ্দিন ভূঞা,400,344,1
722,বর্ণিল শহর কেপটাউন,নাসের রহমান,300,258,
723,আমার সঙ্গে শেখ মুজিবের দেখা হবে আজ,সাইফুল্লাহ মাহমুদ দুলাল,150,129,
724,প্রাণে তোমার পরশখানি দিয়ো,জিসাস শাকিলা,200,172,
725,দ্বিভা,জাকারিয়া ইমি,150,129,1
726,কাসান্দ্রা ১৯৭৫,আনা ইসলাম,150,129,1
727,আমার জীবন আমার কথা,নাদিরা মল্লিক,200,172,
728,মৎস্যবতীর জলবাস কিংবা বনবাস,শৈলজানন্দ রায়,50,43,1
729,নিঃসঙ্গ পথচারী,শামশাদ মান্নান,100,86,
730,মনমঞ্জিল,রেজানুর রহমান রেজা,80,69,1
731,অন্ধ যোদ্ধা,মঞ্জু সরকার,200,172,1
732,মুছে যায় জলরং ছবি,শাহাবুদ্দীন নাগরী,80,69,1
733,অনত প্রদীপ শিখা,মুনির সিরাজ,50,43,1
734,জীবন মানে এই,নুরুল আমীন,140,120,
735,সদাজাগ্রত একাত্তর,মুনীর আহমেদ,500,430,
736,কেপ শ্যাঙ্ক বাতিঘর,মুনীর আহমেদ,600,516,
737,বঙ্গবন্ধুর রাজনৈতিক অর্থনীতি,আবুল কাসেম,850,731,
738,নির্বাচিত গল্প,মজহারুল ইসলাম,350,301,
739,সেরা গল্প ও কবিতা-৪,মোমিন রহমান,250,215,1
740,সইতে নারি কইতে পারি,পূরবী বসু,250,215,1
741,বর্গাদার,নিরমিন শিমেল,220,189,1
742,সারারাত শিশিরের কান্না,নাসরীন জাহান,250,215,
743,অমল তরণী তার,জ্যোতিপ্রকাশ বসু,120,103,1
744,ভিনগ্রহের অভিযাত্রী,কণিকা রশীদ,250,215,
745,অন্তর্যামী অন্ধকারে,কমল খোন্দকার,300,258,
746,মেঘের আড়াল থেকে,কণিকা রশীদ,200,172,1
747,আঁধার পেরিয়ে,ড. মির্জা গোলাম সারোয়ার পিপিএম,250,215,
748,দামিনী,রুপেল ইসলাম,225,194,1
749,পরিবেশ বিপর্যয় ও সংরক্ষণ,ড. মোহাম্মদ জাহাঙ্গীর আলম,500,430,
750,বঙ্গবন্ধু বাংলাদেশ - আবদুল মান্নান,আবদুল মান্নান,700,602,
751,মৎস্যগন্ধ্যা,মোহাম্মদ রফিক,45,39,1
752,সুন্দর সর্বনাশ,হাসানাত লোকমান,300,258,
753,প্রচারবিমুখ,মাসুদ আহমেদ,225,169,
754,আমর সর্বনাম,সাম্যসাথী ভৌমিক,250,215,
755,রাহাতের রাত দিন,আসাদুদ জামান,250,215,
756,সর্বংসহা,সাম্যসাথী ভৌমিক,300,258,
757,শেষ সর্গ,আহাদুজ্জামান মোহাম্মদ আলী,300,258,
758,নির্বাসিত জ্যোৎস্না,বখতিয়ার হোসেন,250,215,
759,নিসর্গের কাব্য,গৌরাঙ্গ কুমার দত্ত,300,258,
760,তৃষ্ণা আমার বক্ষজুড়ে,কমল খোন্দকার,280,241,
761,দ্য গ্রেট,আরিফ মঈনুদ্দীন,325,280,
762,প্যালেসে পানচিনি,ফরিদুর রেজা সাগর,150,129,
763,নীলাক্ষি,মাহবুব হাসান সালেহ,200,172,
764,লালু ভূত,আসাদুজ্জামান আসাদ,200,172,1
765,আমি যোদ্ধা হবো,মাহবুব হাসান সালেহ,200,172,1
766,আয় রে আমার গোলাপজাম,হাবীবুল্লাহ সিরাজী,150,129,
767,প্রেমিকা ও নিঃসঙ্গতা,মুহাম্মদ আসিফ ইকবাল,400,344,
768,দুই জীবনের বিষাদ,মারুফুল ইসলাম,280,241,
769,উদ্যত তর্জনী,রুহুল আমিন,200,172,
770,কৃষ্ণা,মাহবুব হাসান সালেহ,225,194,
771,মাধবী তুমি,সামস আহমেদ,280,241,
772,প্রদীপশিখা,কানিজ ফাতেমা,350,301,
773,অসমাপ্ত,সোনিয়া তাসনিম খান,275,237,
774,মধ্যবিত্ত,নেয়ামুল নাসির,275,237,1
775,তুমি সতেরো আমি একুশ,জাহাঙ্গীর আলম,255,219,
776,এই জল নদী ছিল,রেজা নুর,150,129,2
777,ছয় সাহেবের গপপো,ফরিদুর রেজা সাগর,500,430,
778,নোঙরে নিয়তির হাত,আরিফ মঈনুদ্দীন,100,86,
779,স্বপ্নপোকার রোজনামচা,প্রগলভ তারিক,60,52,
780,পথের মানুষ,আশরাফ আহমদ,60,52,
781,কিশোরদের রবীন্দ্রনাথ জীবন ও সৃষ্টি,আহমদ রফিক,300,258,1
782,একশত আটটি নীল পদ্ম,হান্নান হোসেন,100,86,1
783,আকাশের পথে পথে,গোলাম মঈনউদ্দিন,70,60,1
784,বন্দনা বৃষ্টির,মনজুরে মওলা,70,60,1
785,পথের বাঁকে,প্রশান্ত লস্কর,120,103,
786,রোদ কুয়াশার দিন,হারুন-আর-রশীদ,150,129,1
787,শিক্ষাজীবনে সাফল্যের জাদুকরি কৌশল,আরাফাত শাহরিয়ার,380,327,
788,প্রথম সমর্পণ,কাজী এনায়েত উল্লাহ,400,344,
789,নিয়ন্ত্রিত পৃথিবী,কাজী এনায়েত উল্লাহ,350,301,
790,অরুন্ধতীর সাতকাহন,নাদিয়া আফরিন,400,344,6
791,দহন দিনে,কানিজ ফাতেমা,700,602,
792,গোধূলির যাত্রা,কানিজ ফাতেমা,300,258,
793,প্রেমল ঠাকুর,শ্রী প্রলয় মজুমদার,450,387,
794,কবিতা জীবনের কথা বলে,মোহাম্মদ উল্লাহ,200,172,1
795,নজরুল জীবনের গল্প,এডভোকেট সাহিদা বেগম,150,129,
796,সেদিন সেই আমেরিকায়,আবুল কাসেম,350,301,
797,আমি চিত্রাঙ্গদা,ইসমাত সুলতানা,150,129,
798,সেরা গল্প ও কবিতা -৭,মোমিন রহমান,250,215,
799,বসন্ত স্বপ্নের আলোছায়ায়,দিলরুবা শাহাদৎ,250,215,
800,আজও রোমাঞ্চকরঃ স্বাধীনতার রক্তঝরা গল্প,ত্রিদিবকুমার চট্টোপাধ্যায়,300,258,
801,স্মৃতির জানালা,নূরজাহান সরকার,300,258,2
802,অন্তরীক্ষ,নাছিমা বেগম,200,172,2
803,নির্বাচিত ১০০ কবিতা,সৈয়দ আল ফারুক,350,301,1
804,আমাদের দেখা হবে,মনজুরুর রহমান,100,86,1
805,সপ্ত ঋষি,কমল খোন্দকার,200,172,
806,মাত্রাবৃত্ত,মারুফুল ইসলাম,150,129,
807,একদিন কপোতাক্ষ ও অন্যান্য গল্প,রেজা নুর,280,241,1
808,বিবাহযোগ,কানিজ ফাতেমা,400,344,
809,নাটকের চতুর্থ পর্ব,মাহমুদ আখতার শরীফ,300,258,
810,আসমানী পরিবহণ,লাকী আলী,275,237,
811,ধবল শোক কিংবা মুক্তির গান,পারভীন সুলতানা,250,215,
812,কোনো এক ললিতার গল্প,আলী হাসান,250,215,
813,উরুবাম্বা নদীর তীরে,বুলবুল সিনহা,120,103,1
814,দুঃখ কারাগার,শাহনাজ মুন্নী,350,301,
815,অপরূপা,মাহবুব হাসান সালেহ,150,129,
816,রহস্যময় মেঘ,কণিকা রশীদ,200,172,
817,মেহেরজান আরেকবার,আবদুল্লাহ আল মামুন (নাট্যকার),50,43,
818,বনকাপাসি - ২,মনোয়ারা নাজমুন,120,103,1
819,আমাদের সুন্দর দেশ,বরেন্দ্র লাল ত্রিপুরা,150,113,1
820,All The Quiet Places,শায়রা আফরিদা ঐশী,275,237,2
821,একটি টক শো এবং কতিপয় অপরাধী,ফরিদুর রেজা সাগর,200,172,
822,বারোয়ারি বারো গল্প,আমীরুল ইসলাম,480,413,
823,কথাশিকারি,ফরিদুর রেজা সাগর,200,172,
824,অনেক রঙের লেখা,ফরিদুর রেজা সাগর,225,194,
825,আবোলতাবোল,সামস আহমেদ,400,344,
826,ডিপ্রেশন,সিদ্ধার্থ হক,300,258,
827,মায়াকানন,কণিকা রশীদ,300,258,
828,আসামি সময়,মোহাম্মদ আলমগীর আলম,300,258,
829,জীবনবোধের বোধন,মোহাম্মদ আলমগীর আলম,300,258,
830,খণ্ডিত আকাশ,সামস আহমেদ,250,215,
831,চৈত্রে একাকি,মারুফুল ইসলাম,300,258,
832,শেখ হাসিনা প্রগতি ও উন্নয়নের আলোকবর্তিকা,রেহানা সুলতানা,"1,000",860,
833,পাষাণ হিয়ার ঘাটে,ফওজিয়া বানু,250,215,
834,তোমাতে করো গণ্য,আব্দুল মান্নান শিকদার,250,215,
835,তৃষ্ণা বৃক্ষযাত্রা,মারুফুল ইসলাম,300,258,
836,মর্মমূলে চোখ,মারুফুল ইসলাম,350,301,
837,রিক্ত হবে রাত,আব্দুল মান্নান শিকদার,280,241,2
838,জলের রঙে লেখা,ফওজিয়া বানু,250,215,
839,"খিদে পায়, শিবঠাকুর কাঁদে",ব্রতী মুখোপাধ্যায়,160,138,
840,আলো অন্ধকারে যাই,রবীন্দ্রনাথ রায় চৌধুরী,120,103,
841,ডানাকাটা কথা,সাজ্‌জাদ আরেফিন,150,129,
842,নির্বাচিত ১০০ কবিতা,সৈয়দ আল ফারুক,350,301,1
843,নির্বাচিত ১০০ কবিতা,নূহ-উল-আলম লেনিন,300,258,1
844,নির্বাচিত ১০০ কবিতা,ভূঁইয়া সফিকুল ইসলাম,270,232,
845,আঁধারকন্যা,কণিকা রশীদ,200,172,
846,তোমার বাড়ি কতদূর,সাইফুল্লাহ মাহমুদ দুলাল,150,129,
847,বঙ্কুর বিজয়,কণিকা রশীদ,200,172,1
848,ঘটোন্যাস,এনামুল হক অপু,150,129,1
849,অচিন নান্দীকর,জিয়া সাঈদ,200,172,1
850,সেরা গল্প ও কবিতা-৫,আবদুল্লাহ নাসের,250,215,1
851,ভরদুপুরের বিভূতিভূষণ,পিয়াস মজিদ,250,215,
852,একশ প্রেম,রাজু আলীম,350,301,
853,ভালোবাসার গল্প,মুহম্মদ আসাদুজ্জামান,250,215,
854,গোধূলির পরে,সৈয়দ রফিকুল ইসলাম,275,237,
855,নির্বাচিত ১০০ কবিতা,মিনার মনসুর,350,301,
856,প্রাবচনিক,মারুফুল ইসলাম,280,241,
857,প্রিয় পৃথিবীকে খুঁজি,তারিক সুজাত,250,215,
858,নিঃসঙ্গ নদীছায়া,শিহাব শাহরিয়ার,250,215,
859,জাদুকরী ছুরি,মারুফুল ইসলাম,250,215,
860,অনুভবে অথই অবগাহন,মারুফুল ইসলাম,250,215,
861,আজ বরং একটা গল্প বলি,মারুফুল ইসলাম,250,215,
862,মেঘবালিকা,আব্দুল মান্নান শিকদার,280,241,
863,মেঘদরিয়ার মাঝি,হক ফারুক,225,194,
864,নির্বাচিত কবিতা,আশরাফ আহমদ,350,301,
865,রুপাকাহিনির জিনাতপর্ব,শাহাবুদ্দীন নাগরী,200,172,
866,ছানাবড়া,মোহাম্মদ তাজুল ইসলাম,300,258,1
867,মেঘলার সোনালি দিন,কণিকা রশীদ,150,129,
868,ইভটিজার ও একটি ছায়াবিম্ব,নিরমিন শিমেল,150,129,1
869,সমিল শব্দের তীর,ভূঁইয়া সফিকুল ইসলাম,300,258,1
870,জলের নিচে জলছায়া,শাহাবুদ্দীন নাগরী,100,86,1
871,বঙ্গবন্ধুর মাতৃভাষাপ্রীতি,আবুল কাসেম,400,344,
872,দেহঘর,রুপি কৌর,500,430,
873,পরানে মোর দোতারা,রূমানা আহমদ চৌধুরী,250,215,
874,বেদনার জলছবি,হোসেন আবদুল মান্নান,400,344,
875,"যুদ্ধ, জননী ও একজন ওমার",কণিকা রশীদ,400,344,
876,ভালোবাসি অতলান্ত সমুদ্রের গভীরতায়,জামাল হোসেন,400,344,
877,বেদনাচর,আব্দুল মান্নান শিকদার,300,258,
878,নিঃসঙ্গ চাঁদ,সামস আহমেদ,300,258,
879,সোনামণিদের ছড়া জীবজন্তু,ড. ধনঞ্জয় সাহা,250,215,
880,বিস্মৃত বাঙালির বিভ্রান্ত বীক্ষণ,ড. রতন সিদ্দিকী,300,258,
881,ইচ্ছেপাখি,সামস আহমেদ,500,430,
882,মন চন্দ্রকিরণ,মারুফুল ইসলাম,500,430,
883,আমি তোমাকে মায়াবাসি অথবা করোনা করুণেরগান,নাসরীন জাহান,200,172,
884,অসমাপ্ত অনুভূতি,শাহ্জাহান কবির সাজু,500,430,
885,রহিম সাহেবের হাত ও আরেক পৃথিবী,ফরিদুর রেজা সাগর,280,241,
886,"যুদ্ধ, ভালোবাসা ও বিবর্তনের গল্প",শ্যামাপদ বিশ্বাস,"1,200","1,032",
887,সারা রাত বিড়ালের শব্দ,নাসরীন জাহান,150,129,
888,উপন্যাস সমগ্র-১,নাসরীন জাহান,250,215,
889,স্মৃতিধার্য্য,শ্রী প্রলয় মজুমদার,800,688,
890,যজনীয় জীবন,শ্রী প্রলয় মজুমদার,600,516,
891,অপ্রেম,সিদ্ধার্থ হক,300,258,
892,মহাজগৎ,সিদ্ধার্থ হক,400,344,
893,দহগ্রাম,মারুফুল ইসলাম,250,215,
894,সুন্দর খেলা করে,আব্দুল মান্নান শিকদার,250,215,
895,অঙ্গারের মতোন বিরহ,ভূঁইয়া সফিকুল ইসলাম,150,129,
896,খণ্ড-অখণ্ড,মোস্তাক আহমেদ পলাশ,250,215,
897,"দূরে, তবু দূরে নয়",মযহারুল ইসলাম,200,172,
898,চন্দ্রবিন্দু,দিল আফরোজ বিনতে আছির,250,215,1
899,মেঘের আত্মহনন,আছাদুজ্জামান,150,129,
900,রুপকাহিনির জিনাতপর্ব,শাহাবুদ্দীন নাগরী,200,172,1
901,রমিজ মিয়া,আসাদুজ্জামান আসাদ,200,172,1
902,পোড়া পাখির খাঁচা,জাকিয়া নাজনীন,150,129,2
903,আমারে রেখেছো বনসাই করে,গোলাম শফিক,250,215,
904,বিলাপ বৈ কিছু নয়,সাদিয়া স্বাতী,150,129,
905,চোখে ভিন্ন রং,নাসরিন সাথী,275,237,
906,অসমাপ্ত অবশেষে,নাসরিন সাথী,275,237,
907,জলের আলপনায়,আহসান কবির,200,172,
908,বনফুলের হাতছানি,কণিকা রশীদ,200,172,1
909,ক্রমাগত গহীনে যাত্রা,তিমির বরণ বসাক,300,258,1
910,নদীটা রেখে যাও,সুমী সিকানদার,100,86,1
911,তবু আছে তারা ও জোনাকি,ভূঁইয়া সফিকুল ইসলাম,150,129,2
912,নাটুর কীর্তি,কণিকা রশীদ,225,194,
913,শিশিরের আয়না ও অন্যান্য গল্প,রেজা নুর,200,172,1
914,জ্যোঃস্নাভর্তি ক্যারাভ্যানে আমি নেই,শাহাবুদ্দীন নাগরী,170,146,
915,নতুন করে পাব বলে,মারুফুল ইসলাম,280,241,
916,মাইনর মানুষ,সিদ্ধার্থ হক,500,430,
917,এই মন এই দেহ,রেজা নুর,250,215,1
918,জিজ্ঞাসায় ভালোবাসায়,মুহাম্মদ আসিফ ইকবাল,400,344,
919,শ্রাবণ জোছনায়,প্রকৌ. সফিকুল ইসলাম ভূঁঞা,300,258,
920,হৃদয়ের কূলে কূলে,শামছুন নাহার,275,237,
921,অহর্নিশ প্রত্যাশা,সেরনিয়াবাত আবুল বাশার,350,301,
922,বসন্ত অবশেষে,শেলী রহমান,350,301,
923,তোমাকে অভিনন্দন প্রিয়তমা,জাহিদ রেজা,480,413,
924,মোশতাক আহমেদের 'ফাগুন ভালোবাসা' কালেকশন,মোশতাক আহমেদ,700,560,
925,বনকাপাসি - ১,মনোয়ারা নাজমুন,120,103,1
926,যবনিকাপাত,মনোয়ারা নাজমুন,70,60,1
927,আকাশের ওপারে আকাশ,শহিদ হোসেন খোকন,100,86,
928,আমার কিছু কথা,নূরজাহান মুরশিদ,425,366,
929,উড়েছ দূরের বসন্তে,শিহাব শাহরিয়ার,200,172,
930,লি,নাসরীন জাহান,60,52,1
931,প্রিয়তম অসুখ সে,সাদাত হোসাইন,700,602,68
932,Lingering Look At Days Gone By Humayun Ahmed,শফি আহমেদ,700,602,1
933,মোটিভেশন প্রতিদিন,ড. তাবারক হোসেন,350,301,73
934,অলিন্দ অনলে,মৌরি মরিয়ম,580,499,29
935,হলুদ হিমু কালো র‌্যাব,হুমায়ূন আহমেদ,300,225,46
936,দেয়াল ভাঙার গান,মৌরি মরিয়ম,650,488,26
937,শুভ্র,হুমায়ূন আহমেদ,500,430,32
938,নিঃসঙ্গতার একশ বছর,গাব্রিয়েল গার্সিয়া মার্কেজ,850,731,12
939,Selected Poems,মাহবুব হাসান সালেহ,300,258,
940,এই বসন্তে,হুমায়ূন আহমেদ,300,258,17
941,ব্যাঙ কন্যা এলেং,হুমায়ূন আহমেদ,150,129,18
942,Celebrating Relationships,Dr. Naushaba Singh,"2,950","2,537",
943,কিংবদন্তির খনা ও খনার বচন,পূরবী বসু,225,194,7
944,নক্ষত্র-নূপুর,এশরার লতিফ,800,688,10
945,নায়িকা সংবাদ,শানজানা আলম,400,344,27
946,হুমায়ূন আহমেদ রচনাবলী - ১,হুমায়ূন আহমেদ,800,600,8
947,যোজন যোজন দূর,ফরহাদ হোসেন,400,300,10
948,খেদু মিয়া,অসীম হিমেল,280,241,12
949,গবেষণায় বায়োইনফরমেটিক্স - ১ম খণ্ড,মোহাম্মদ উজ্জ্বল হোসেন,450,387,4
950,আমি,হুমায়ূন আহমেদ,500,430,12
951,গর্ভবতীর এ টু জেড,ডা. সজল আশফাক,250,215,7
952,কাকারু,হুমায়ূন আহমেদ,170,146,13
953,কাক ও কাঠগোলাপ,হুমায়ূন আহমেদ,150,129,9
954,মধ্যাহ্ন- ২,হুমায়ূন আহমেদ,400,344,14
955,মহাবিপদে পাঁচ গোয়েন্দা,সুমন্ত আসলাম,200,172,14
956,কৃষ্ণচূড়ার দিন,ফারহানা সিনথিয়া,400,300,12
957,বৃক্ষকথা,হুমায়ূন আহমেদ,300,258,18
958,মধ্যাহ্ন - ১,হুমায়ূন আহমেদ,400,344,22
959,রাজার কুমার নিনিত,হুমায়ূন আহমেদ,150,129,8
960,নাক কান গলার অসুখ এ টু জেড,ডা. সজল আশফাক,200,172,4
961,"এংগা, বেংগা, চেংগা",হুমায়ূন আহমেদ,150,129,7
962,সেই সময় (১৯০১-১৯৭১),হুমায়ূন আহমেদ,"1,000",860,22
963,স্বপ্নচূড়া,মৌলী আখন্দ,400,344,7
964,হুমায়ূন আহমেদ রচনাবলী-৫,হুমায়ূন আহমেদ,800,688,4
965,স্বপ্নজাল,ফরহাদ হোসেন,400,344,9
966,বিষাদ,ইমরান কায়েস,200,172,2
967,নিমজ্জিত জলপুষ্প,শানজানা আলম,250,188,10
968,ক্লাস সেভেন ১৯৭৮,শাকুর মজিদ,200,172,7
969,ক্যাডেটের ডায়েরি,শাকুর মজিদ,225,194,10
970,ফেরারি বসন্ত,আফিফা পারভীন,800,688,21
971,দ্বিতীয় জীবন,ফারহানা সিনথিয়া,300,258,4
972,বাংলাদেশের শিক্ষা ব্যবস্থা ও পরীক্ষা পদ্ধতির ইতিহাস,ড. মোহাম্মদ হাননান,300,258,2
973,শিশুকিশোর রচনাবলী -১ম খণ্ড,হুমায়ূন আহমেদ,"1,000",860,4
974,শিশুকিশোর রচনাবলী -২য় খণ্ড,হুমায়ূন আহমেদ,"1,000",860,2
975,মানবিক ব্যাংকিং,আতিউর রহমান,450,387,6
976,ফার্স্ট এইড,ডা. মিজানুর রহমান কল্লোল,250,215,
977,টগর অ্যান্ড জেরি,হুমায়ূন আহমেদ,150,129,8
978,১০১ টি ভর্তা,মাজহারুল ইসলাম,500,430,2
979,৯০ দশকের নির্বাচিত পাঁচটি উপন্যাস,হুমায়ূন আহমেদ,600,516,2
980,হুমায়ূন আহমেদ রচনাবলী ৮,হুমায়ূন আহমেদ,800,688,7
981,বাছাই গল্প,হুমায়ূন আহমেদ,350,301,7
982,রূপকথন,বন্যা হোসেন,450,387,10
983,হুমায়ূন আহমেদ রচনাবলী ১০,হুমায়ূন আহমেদ,800,688,1
984,নির্বাচিত সায়েন্স ফিকশন,হুমায়ূন আহমেদ,650,559,9
985,সক্রেটিসের বাড়ি,শাকুর মজিদ,200,172,3
986,নির্বাচিত কিশোর উপন্যাস,হুমায়ূন আহমেদ,350,263,9
987,কানী ডাইনী,হুমায়ূন আহমেদ,150,129,6
988,মিরখাইয়ের অটোগ্রাফ,হুমায়ূন আহমেদ,100,86,10
989,পরাধীনতা,ইমদাদুল হক মিলন,350,301,4
990,বোকা রাজার সোনার সিংহাসন,হুমায়ূন আহমেদ,150,129,8
991,মুনীর চৌধুরী,আনিসুজ্জামান,150,129,1
992,সুশাসনের সন্ধানে,আতিউর রহমান,325,280,5
993,অদ্ভুত সব উপন্যাস,হুমায়ূন আহমেদ,600,516,7
994,খুন হয়ে যাচ্ছে সব সাদেক,মোজাফফর হোসেন,200,172,3
995,নির্বাচিত ১০০ কবিতা,শামসুর রাহমান,300,258,5
996,নির্বাচিত রাজনৈতিক প্রবন্ধ,সিরাজুল ইসলাম চৌধুরী,175,151,3
997,চিলড্রেন অব ইসরাইলের সন্ধানে,এ জেড এম আলমগীর,175,151,2
998,হুমায়ূন আহমেদের হাতে পাঁচটি নীল পদ্ম,হুমায়ূন আহমেদ,700,602,8
999,রাসেল বলছি,মোস্তফা কামাল,250,215,2
1000,দৌড় বিষয়ে যত কথা,হারুকি মুরাকামি,300,258,2
1001,রিপোর্টারের সোর্স,তুষার আবদুল্লাহ্,200,172,2
1002,দ্য কনসার্ট ফর বাংলাদেশ,শামীম আল আমিন,300,258,3
1003,ছোটদের জন্য এক ব্যাগ হুমায়ূন,হুমায়ূন আহমেদ,600,516,7
1004,শিকার,মোশতাক আহমেদ,300,258,6
1005,শ্রেষ্ঠ কবিতা,সৈয়দ শামসুল হক,300,258,3
1006,আকাশে হেলান দিয়ে পাহাড় ঘুমায়,আফিফা পারভীন,"1,000",860,29
1007,প্রেসক্রিপশন প্রতিদিন,ডা. সজল আশফাক,150,129,4
1008,দ্বিতীয় দিনের কাহিনী,সৈয়দ শামসুল হক,200,172,5
1009,দুই দু’গুণে পাঁচ,অধ্যাপক আতাউর রহমান,200,172,2
1010,বঙ্গবন্ধুর নির্বাচিত ১০০ উক্তি,রহমতউল্লাহ লতিফ,300,225,
1011,রূপবতী,মোস্তফা কামাল,225,194,2
1012,এখানে অনেকদিন বৃষ্টি হয় না,বীথি রহমান,200,150,3
1013,তবু জার্মানি,রাবেয়া খাতুন,150,129,4
1014,ফাল্গুনের রাতের আঁধারে,আনিসুল হক,150,129,1
1015,এগিয়ে যাওয়ার অর্থনীতি,মামুন রশীদ (ব্যাংকার),200,172,1
1016,তোমার নামে সন্ধ্যা নামে,সাদাত হোসাইন,600,516,236
1017,প্রজেক্ট হাইপার,মোশতাক আহমেদ,300,258,4
1018,হুমায়ূন আহমেদ স্মারকগ্রন্থ,আনিসুজ্জামান,600,516,1
1019,নির্বাচিত ১০০ কবিতা,সৈয়দ শামসুল হক,350,301,2
1020,বঙ্গবন্ধুর সমাধিতে,সৈয়দ শামসুল হক,280,241,
1021,দ্বন্দ্বসূত্র,বিরূপাক্ষ পাল,300,258,1
1022,নির্বাচিত গল্প,হুমায়ূন আহমেদ,400,344,5
1023,বিদ্যাসাগর ও অন্যেরা,আনিসুজ্জামান,300,258,
1024,নিঃসঙ্গ মোহনায়,মোঃ সিরাজুল ইসলাম এফসিএ,400,344,1
1025,বাংলাদেশের সংবিধান : নানা প্রসঙ্গ,আহমেদ জাভেদ,550,473,1
1026,ছোটদের জন্য মুক্তিযুদ্ধের পাঁচটি উপন্যাস,আনোয়ারা সৈয়দ হক,300,225,
1027,কৃষি বাজেট কৃষকের বাজেট,শাইখ সিরাজ,450,387,8
1028,নভেরা বিভূঁইয়ে স্বভূমে,আনা ইসলাম,"1,500","1,290",
1029,১৮৫৭ এবং তারপর,সিরাজুল ইসলাম চৌধুরী,300,258,1
1030,How to Become a Successful Student,সাদ ইসলাম,320,275,53
1031,দাম্পত্য স্বাস্থ্য,ডা. সজল আশফাক,200,172,3
1032,উপন্যাস সমগ্র-২,সেলিনা হোসেন,600,516,3
1033,ব্রেসলেট,ড. তাবারক হোসেন,300,258,2
1034,সেরা দশ গল্প,আনিসুল হক,225,194,1
1035,শঙ্খচূড়,সাদাত হোসাইন,700,602,40
1036,আলেকজান্ডারের দেশ এবং অন্যান্য,রাবেয়া খাতুন,225,194,2
1037,উপন্যাস সমগ্র-১,সৈয়দ শামসুল হক,500,430,2
1038,রাজনৈতিক কবিতা,শামসুর রাহমান,180,155,1
1039,গোরস্তানে কোকিলের করুণ আহ্বান,শামসুর রাহমান,80,69,2
1040,তিন পর্বের জীবন,সৈয়দ মনজুরুল ইসলাম,200,150,1
1041,নির্বাচিত ১০০ ছড়া,লুৎফর রহমান রিটন,300,258,1
1042,ছায়াপথে অনুরণন,বিপাশা বাশার,350,263,5
1043,সেরা দশ গল্প,সৈয়দ শামসুল হক,300,258,2
1044,ডাক্তার আসিবার পূর্বে,ডা. সজল আশফাক,225,194,2
1045,ভালোবাসি আশ্চর্য মেঘদল,আনিসুল হক,150,129,2
1046,হাফ ডজন ছোট কাকু,ফরিদুর রেজা সাগর,500,430,3
1047,ছোবল,হাসান আজিজুল হক,120,103,
1048,অনল মিত্রের অপমৃত্যু,অরুণ কুমার বিশ্বাস,280,241,
1049,উপন্যাস সমগ্র-২,সৈয়দ শামসুল হক,500,430,3
1050,তুমি রবে নীরবে,সুমন্ত আসলাম,200,172,5
1051,উইলিয়াম শেকসপীয়রের তিনটি নাটক,সৈয়দ শামসুল হক,500,430,1
1052,পুড়িব একাকী,মুস্তাফা জামান আব্বাসী,500,430,1
1053,MAGGI ১০ মিনিটের রান্না,রহিমা সুলতানা রীতা,550,473,3
1054,সম্পাদকের জবানবন্দি,গোলাম সারওয়ার,150,129,
1055,"কেমন আছ, সবুজপাতা",ইমদাদুল হক মিলন,350,301,3
1056,শরীর নামের মহাশয়,ডা. সজল আশফাক,200,172,2
1057,হুমায়ূন আহমেদের মাকড়সাভীতি এবং অন্যান্য,মজহারুল ইসলাম,350,263,
1058,কালাপানি,শাকুর মজিদ,120,103,2
1059,অশেষ রবীন্দ্রনাথ,বিশ্বজিৎ ঘোষ,500,375,
1060,নির্বাচিত হিমু,হুমায়ূন আহমেদ,800,688,10
1061,সেরা পাঁচ সায়েন্স ফিকশন,মোশতাক আহমেদ,"1,000",860,2
1062,বাংলার শত ফুল,মোকারম হোসেন,750,645,2
1063,শৌখিনদার হুমায়ূন,সালেহ চৌধুরী,220,189,2
1064,স্বপ্নের শহর রোম ও ফ্লোরেন্স,রাবেয়া খাতুন,120,103,1
1065,মধ্যরাতে সাত মাইল,রাবেয়া খাতুন,65,56,2
1066,রচনা সমগ্র-৪,আবদুল্লাহ আবু সায়ীদ,500,430,1
1067,প্রেম ও প্রার্থনার গল্প (প্রথম আলো বর্ষসেরা বই ১৪১১),সৈয়দ মনজুরুল ইসলাম,250,215,4
1068,আধখানা মানুষ,সৈয়দ মনজুরুল ইসলাম,90,68,1
1069,আইনস্টাইনের বাড়ি ভ্যানগঘের হলুদ ভুবন,বরেন চক্রবর্তী,600,516,2
1070,৫৫৫ প্রেসক্রিপশন,ডা. সজল আশফাক,300,258,2
1071,হুমায়ূন ৬০,হুমায়ূন আহমেদ,"1,000",860,9
1072,বাংলার প্রকৃতিতে পাখি,মোঃ শামীম আহমেদ,700,602,2
1073,জীবনানন্দ বিবেচনা,ফয়জুল লতিফ চৌধুরী,125,108,1
1074,স্বপ্নের বাজপাখি,সেলিনা হোসেন,200,172,2
1075,মুনির চৌধুরী রচনা সমগ্র-৩,আনিসুজ্জামান,500,430,
1076,শঙ্খনর্তকী,নাসরীন জাহান,450,338,3
1077,হুমায়ূন আহমেদ ‘রুমালী’,শাহজাহান চৌধুরী,270,232,
1078,উপন্যাস সমগ্র-৮,সৈয়দ শামসুল হক,550,473,1
1079,উপন্যাস সমগ্র-১,সেলিনা হোসেন,500,430,1
1080,রচনা সমগ্র-৫,আবদুল্লাহ আবু সায়ীদ,500,375,
1081,রচনা সমগ্র-৮,আবদুল্লাহ আবু সায়ীদ,600,516,1
1082,রচনা সমগ্র-৯,আবদুল্লাহ আবু সায়ীদ,500,430,1
1083,সেরা দশ গল্প,সেলিনা হোসেন,300,258,1
1084,সেরা দশ গল্প,হাসান আজিজুল হক,300,258,1
1085,উড়ে যাই দূরে যাই,আনোয়ারা সৈয়দ হক,150,113,
1086,তত্ত্বাবধায়ক সরকারের সাতাশ মাস,আবুল মাল আবদুল মুহিত,250,215,2
1087,ক্ষুধাবৃত্তান্ত,সৈয়দ শামসুল হক,225,194,1
1088,নির্বাচিত ১০০ কবিতা,মহাদেব সাহা,170,146,1
1089,প্রতীক্ষ্য প্রহর,নাসিমা খান বকুল,275,206,
1090,পলাশ ফুলের নোলক,ইমদাদুল হক মিলন,300,258,2
1091,পাঁচটি উপন্যাস,নাসরীন জাহান,500,430,2
1092,এক মুঠো জন্মভূমি,সৈয়দ শামসুল হক,120,103,2
1093,উপন্যাস সমগ্র-৩,সেলিনা হোসেন,500,430,1
1094,কিছু দিনের কানাডা,রাবেয়া খাতুন,70,60,2
1095,পরিবর্তনের অর্থনীতি,মামুন রশীদ (ব্যাংকার),225,194,2
1096,হুমায়ূন আহমেদের রুমালি,শাহজাহান চৌধুরী,270,232,6
1097,রচনা সমগ্র ৭,আবদুল্লাহ আবু সায়ীদ,550,473,1
1098,মায়া,ফেরদৌস হাসান,300,258,2
1099,টমি মিয়ার রান্নাঘর,টমি মিয়া,550,473,1
1100,অন্যরকম মা,কণিকা রশীদ,200,172,1
1101,উন্নয়ন কার জন্য,আতিউর রহমান,225,194,1
1102,যুদ্ধ,সেলিনা হোসেন,500,430,1
1103,সম্ভ্রম যখন অশ্লীল হয়ে ওঠে,নাসরীন জাহান,60,45,1
1104,সেরা পাঁচ উপন্যাস,মানিক বন্দ্যোপাধ্যায়,600,516,2
1105,তারুণ্যের আলোয় শেখ হাসিনা,ড. বিশ্বজিৎ ঘোষ,700,602,1
1106,"গণমাধ্যম, গণতন্ত্র ও সাংবাদিকতা প্রেক্ষিত : বাংলাদেশ",হাসানুল হক ইনু,250,215,
1107,নুহাশ পল্লী এবং একজন হুমায়ূন আহমেদ,ড. আখতারুজ্জামান চৌধুরী,400,344,2
1108,করোনাকালে বহতা জীবন,শাইখ সিরাজ,800,688,2
1109,বাঙালির স্বাধীনতা যুদ্ধ,আহমদ রফিক,375,323,2
1110,ভিঞ্চির ভোজ মাতিসের নাচ,বরেন চক্রবর্তী,850,731,1
1111,অরণ্যের গল্পমালা,কবীর চৌধুরী,140,120,
1112,মুক্তিযুদ্ধের বাছাই গল্প,সেলিনা হোসেন,225,194,
1113,হে বন্ধু হে প্রিয়,ইমদাদুল হক মিলন,60,52,1
1114,দ্বিতীয় প্রেম,ইমদাদুল হক মিলন,120,103,1
1115,নির্বাচিত ১০০ কবিতা,কামাল চৌধুরী,300,258,1
1116,বিবাহ বার্ষিকী ও অন্যান্য গল্প,বিশ্বজিৎ চৌধুরী,50,43,
1117,নির্বাচিত প্রবন্ধ,জিল্লুর রহমান সিদ্দিকী,200,172,1
1118,অন্যদিনের রান্নাঘর,মাজহারুল ইসলাম,600,516,2
1119,গল্প পঞ্চাশৎ,হাসান আজিজুল হক,800,688,1
1120,অমর্ত্য সেন ও বাংলাদেশ,শফি আহমেদ,100,86,
1121,উপন্যাস সমগ্র-৯,সৈয়দ শামসুল হক,400,344,1
1122,আমার চোখে,আনিসুজ্জামান,300,258,1
1123,সমুদ্রের ডাক,আহসান হাবীব (কার্টুনিস্ট),150,113,1
1124,পর,ইমদাদুল হক মিলন,450,338,1
1125,বাস্তবতার দাঁত ও করাত,সৈয়দ শামসুল হক,120,90,1
1126,বাংলাদেশে প্রাথমিক স্তরে নৈতিক শিক্ষা শিক্ষাক্রম ও বিদ্যালয়ে অনুশীলন,ড. শেখ সালমা নার্গিস,750,645,1
1127,সেরা দশ গল্প,শওকত আলী,350,301,1
1128,পুবের ভূস্বর্গ সোয়াত,রাবেয়া খাতুন,160,138,1
1129,রচনা সমগ্র-৬,আবদুল্লাহ আবু সায়ীদ,500,430,2
1130,দূরের দেশ কাছের দেশ,সেলিনা হোসেন,350,301,1
1131,অবিনাশী যাত্রা,পূরবী বসু,200,172,1
1132,জীবনানন্দ দাশের চিঠিপত্র,ফয়জুল লতিফ চৌধুরী,400,344,1
1133,সেরা দশ গল্প,বিশ্বজিৎ চৌধুরী,280,241,
1134,মেঘশিকারি,সৈয়দ মনজুরুল ইসলাম,250,215,1
1135,বর্বরেরা আসছে,সৈয়দ শামসুল হক,45,39,1
1136,নারী আন্দোলনের পাঁচ দশক,মালেকা বেগম,320,275,2
1137,হেমিংওয়ের দেশে,শাহাবুদ্দীন নাগরী,300,258,
1138,হুমায়ূন আহমেদের চলচ্চিত্র,মোমিন রহমান,300,258,2
1139,ডাকাতের কবলে ফটকুমামা,মোস্তফা কামাল,180,155,1
1140,সভ্যতা নির্মাণে নারী,পূরবী বসু,320,275,1
1141,আবারো হাফ ডজন ছোট কাকু,ফরিদুর রেজা সাগর,450,387,1
1142,To The Woods Dark,হুমায়ূন আহমেদ,120,72,7
1143,Equation Fiha,হুমায়ূন আহমেদ,150,129,10
1144,গল্প কোলকাতার,সৈয়দ শামসুল হক,50,43,1
1145,ফেলে আসা লাল গোলাপ,ইমদাদুল হক মিলন,150,129,3
1146,প্রেম ও ভালবাসার কবিতা,মহাদেব সাহা,350,301,1
1147,নির্বাচিত বঙ্গবন্ধু,মোনায়েম সরকার,400,344,
1148,পিকাসোর রঙ মাইকেলাঞ্জেলোর হাতুড়ি,বরেন চক্রবর্তী,550,473,1
1149,বাছাই গল্প,হুমায়ূন আহমেদ,350,301,1
1150,চোখ ও চশমা,ড. নজরুল ইসলাম,120,103,
1151,বিশ্ব কবিতা (বিশ্বখ্যাত কবিদের নির্বাচিত কবিতার অনুবাদ),রেজা নুর,250,215,1
1152,প্রেয়সী,প্রণব ভট্ট,70,60,2
1153,নির্বাচিত ১০০ কবিতা,হাসানআল আব্দুল্লাহ,350,301,1
1154,পথে যেতে ডেকেছিলে,শহিদ হোসেন খোকন,90,77,1
1155,চারটি কিশোর উপন্যাস,নাসরীন জাহান,300,225,
1156,নিকুন্তিলা,নাসরীন জাহান,140,105,2
1157,পরিস্থান,ইমদাদুল হক মিলন,120,90,1
1158,নায়ক,ইমদাদুল হক মিলন,250,215,1
1159,একশত ভালোবাসার কবিতা,মহাদেব সাহা,120,103,1
1160,নির্বাচিত প্রবন্ধ,আতিউর রহমান,420,361,1
1161,ও আমার চাঁদের আলো,ইমদাদুল হক মিলন,300,225,1
1162,Humayun Ahmed: Selected Short Stories,মুহাম্মদ শফিকুল ইসলাম,350,301,6
1163,জীবনানন্দ দাশ সময় সমাজ ও প্রেম,আহমদ রফিক,80,69,1
1164,অপরিচিতা,ইমদাদুল হক মিলন,110,95,1
1165,সম্ভাবনার অর্থনীতি,মামুন রশীদ (ব্যাংকার),150,129,1
1166,আবহমান বাংলা,মুস্তাফা নূরউল ইসলাম,450,387,1
1167,আমাদের মাতৃভাষা-চেতনা ও ভাষা আন্দোলন,মুস্তাফা নূরউল ইসলাম,150,129,1
1168,স্থবির যৌবন,নাসরীন জাহান,100,86,
1169,সরলরেখা বক্ররেখা,বারোজন খ্যাতনামা ব্লগার,200,172,2
1170,WHO SPEAKS,হুমায়ূন আহমেদ,500,430,11
1171,জানালায় নানা ছবি,ফারুক চৌধুরী,350,301,
1172,জীবনানন্দ দাশ-এর ’মৃত্যুর আগে’,ফয়জুল লতিফ চৌধুরী,160,138,1
1173,রবীন্দ্রনাথ এবং রবীন্দ্রনাথ,সন্‌জীদা খাতুন,170,146,1
1174,উপন্যাস সমগ্র-১,মঈনুল আহসান সাবের,250,215,1
1175,নির্বাচিত ১০০ কবিতা,ইকবাল হাসান,150,129,1
1176,দূর্বাঘাস আর গ্রেনেডের গল্প,হালিম আজাদ,160,138,1
1177,পুনশ্চ প্রেম,সাগরিকা নাসরিন,100,86,1
1178,নির্বাচিত ১০০ কবিতা,রফিক আজাদ,300,258,1
1179,শুকনো পাতার স্বপ্নগাথা,মহাদেব সাহা,50,43,1
1180,৭১ নম্বর গুলশান এভিনিউ,আরিফ মঈনুদ্দীন,60,52,
1181,বাংলাদেশের নাট্যচর্চার তিন দশক,রামেন্দু মজুমদার,200,172,
1182,নূরজাহান মুরশিদ স্মারকগ্রন্থ,আনিসুজ্জামান,500,430,1
1183,বাংলাদেশের বন্য প্রাণী ও পরিবেশ,মুশফিক আহমদ শামীম আহমেদ,750,645,1
1184,বিচ্ছিন্নতার সত্য-মিথ্যা,সিরাজুল ইসলাম চৌধুরী,180,155,1
1185,উন্নয়নের কথা মানুষের কথা,কাজী খালেকুজ্জামান আহমদ,200,172,1
1186,এই শহরে মেঘেরা একা,মাহরীন ফেরদৌস,175,151,35
1187,এক ডজন ছোটকাকু,ফরিদুর রেজা সাগর,750,645,
1188,অভিমানী,প্রণব ভট্ট,50,43,1
1189,নির্বাচিত প্রবন্ধ,আহমদ রফিক,200,172,1
1190,বাংলাদেশের পরিবেশ ও প্রতিবেশ,মুকিত মজুমদার বাবু,750,645,1
1191,মুক্তিযুদ্ধের ১০০ ছড়া,আমীরুল ইসলাম,250,215,
1192,এই হিমু! এই,মোমিন রহমান,180,155,2
1193,তখন আকাশ ছিল আরও নীল,কর্ণেল ডা. মামুন মোস্তাফী,120,90,3
1194,হুমায়ূন আহমেদ রচনাবলী ১ম-১১তম খণ্ড রকমারি কালেকশন,হুমায়ূন আহমেদ,"8,800","7,568",4
1195,আন্তর্জাতিক গণিত অলিম্পিয়াড প্রশ্ন এবং উত্তর,মুহম্মদ জাফর ইকবাল,275,237,7
1196,পরীর গল্প,ধ্রুব এষ,350,301,1
1197,ফ্রিদা কালো কষ্টের মনীষা,আনা ইসলাম,70,60,
1198,সেরা পাঁচ উপন্যাস,বিভূতিভূষণ বন্দ্যোপাধ্যায়,600,516,
1199,মেয়েটি এখন কোথায় যাবে,ইমদাদুল হক মিলন,200,172,1
1200,হেরে যাওয়া জিতে যাওয়া,রাহাত খান (উপন্যাসিক),50,43,1
1201,একাকী,ইমদাদুল হক মিলন,110,95,1
1202,সেরা গল্প ও কবিতা,মোমিন রহমান,200,172,1
1203,সেরা পাঁচ কিশোর উপন্যাস,আলী ইমাম,500,430,1
1204,হিমালয় থেকে আরব সাগরে,রাবেয়া খাতুন,70,60,
1205,মুনির চৌধুরী রচনা সমগ্র-১,আনিসুজ্জামান,500,430,
1206,ভেনাস ল্যুভর ও অন্নপূর্ণার দেশে,বরেন চক্রবর্তী,400,344,1
1207,মুক্তিযুদ্ধের নির্বাচিত গল্প,রশীদ হায়দার,300,258,1
1208,"আয়না, তোমার সঙ্গে",ইমদাদুল হক মিলন,90,77,
1209,ভুবন ভ্রমিয়া শেষে,ফরিদুর রেজা সাগর,350,263,
1210,মেধাবী মানুষের গল্প,ড. মোহাম্মদ কায়কোবাদ,200,172,3
1211,আমের কুঁড়ি জামের কুঁড়ি,শামসুর রাহমান,100,86,
1212,কুসুমের মতো মেয়েরা,ইমদাদুল হক মিলন,80,69,1
1213,নির্বাচিত প্রেমের উপন্যাস,ইমদাদুল হক মিলন,250,215,1
1214,নির্বাচিত প্রেমের উপন্যাস,সৈয়দ শামসুল হক,250,215,3
1215,ফেরারী নদীর ছায়া,মুজতবা আহমেদ মুরশেদ,60,52,1
1216,দেহকাব্য,রেজানুর রহমান রেজা,60,52,1
1217,চাদমুখ মেয়ে,প্রণব ভট্ট,150,129,2
1218,শামসুর রহমান স্মারকগ্রন্থ,সৈয়দ শামসুল হক,500,430,
1219,আবার আমেরিকায়,রাবেয়া খাতুন,110,95,
1220,কানাডার চিঠি,তাজুল মোহাম্মদ,250,215,
1221,অথৈ মনের তীর,মনোয়ারা নাজমুন,170,146,1
1222,রচনা সমগ্র ৪-৯ খণ্ড একত্রে রকমারি কালেকশন,আবদুল্লাহ আবু সায়ীদ,"2,650","2,279",
1223,সৈয়দ শামসুল হক উপন্যাস সমগ্র (১ - ১১ খণ্ড)(রকমারি কালেকশন),সৈয়দ শামসুল হক,"5,300","4,558",1
1224,দিগন্তের ওপারে,কণিকা রশীদ,200,150,2
1225,স্বপ্নবুড়ির সোনার কাঠি,নাসরীন জাহান,50,38,
1226,গল্প সমগ্র-১,নাসরীন জাহান,300,225,
1227,মোশতাক আহমেদের ৬টি বইয়ের কালেকশন,মোশতাক আহমেদ,"2,600","2,236",
1228,ফেরাউনের গ্রাম,শাকুর মজিদ,550,473,9
1229,মনোসরণি,মাহরীন ফেরদৌস,200,172,10
1230,কিছু বিষাদ হোক পাখি,মাহরীন ফেরদৌস,175,151,18
1231,Sepoy Mutiny a Rajput Mutineer,মুনীর আহমেদ,300,258,1
1232,Bangabandhu For The Children,মেরিনা সঈদ,250,215,
1233,আইন-শব্দকোষ,আনিসুজ্জামান,"1,500","1,290",4
1234,কথোপকথন,আবদুল্লাহ আবু সায়ীদ,200,172,2
1235,Re : Revolution,আরেফ আফজল,700,602,2
1236,রাত ১২টার পরের জোকস,আহসান হাবীব (কার্টুনিস্ট),150,129,2
1237,বুনে গেলাম আশার স্বপন-গভর্নরের দিনলিপি (মে ২০০৯-মার্চ ২০১৬),আতিউর রহমান,"1,500","1,290",3
1238,অন্তরে,ইমদাদুল হক মিলন,50,43,1
1239,সেরা লেখা-২,আবদুল্লাহ আবু সায়ীদ,650,559,1
1240,উপন্যাস সমগ্র-১,মুহম্মদ জাফর ইকবাল,450,387,8
1241,ভ্যালেন্টাইন জোকস,আহসান হাবীব (কার্টুনিস্ট),80,69,2
1242,রচনা সমগ্র-১,আবদুল্লাহ আবু সায়ীদ,500,430,2
1243,নগরের ‍বিস্মৃত আঁধারে,মাহরীন ফেরদৌস,200,172,7
1244,রচনা সমগ্র-৩,আবদুল্লাহ আবু সায়ীদ,450,387,2
1245,সেরা লেখা-১,আবদুল্লাহ আবু সায়ীদ,600,516,2
1246,নাফিসদের রহস্যময় বাড়ি,সুমন্ত আসলাম,120,103,
1247,দীপ্র মনীষা,আনিসুজ্জামান,300,258,1
1248,রচনা সমগ্র-২,আবদুল্লাহ আবু সায়ীদ,350,301,2
1249,হে মাতঃবঙ্গ,রাহাত খান (উপন্যাসিক),45,39,1
1250,যুদ্ধাপরাধীর বিচার : জাহানারা ইমামের চিঠি,আসিফ নজরুল,120,103,2
1251,প্রিয়,ইমদাদুল হক মিলন,400,344,2
1252,আমার পিতার মুখ,সিরাজুল ইসলাম চৌধুরী,100,86,1
1253,ব্রিকলেন,শাহজাহান চৌধুরী,200,172,1
1254,গৌরিপুর জংশন (ফার্সি অনুবাদ ),হুমায়ূন আহমেদ,80,69,3
1255,ফরিদ কবিরের কবিতা,ফরিদ কবির,200,172,1
1256,বিশ্ববরেণ্যদের কালজয়ী ভাষণ,এ. কে. এম. মুজিবুর রহমান,350,301,
1257,হংকং-এর হাক্কানী সাহেব,ফরিদুর রেজা সাগর,100,86,
1258,সরস ঘটনা সরস কাহিনী,কবীর চৌধুরী,100,86,
1259,মর্গের নীল পাখি,সেলিনা হোসেন,300,258,1
1260,স্বপ্নে সংক্রামিত,রাবেয়া খাতুন,125,108,1
1261,আলো খুঁজছো আলো?,আরিফ মঈনুদ্দীন,180,155,1
1262,অদ্ভুত এক লোকের সঙ্গে,ইমদাদুল হক মিলন,60,52,
1263,ছড়ানো-ছিটানো ছড়া,এখ্‌লাসউদ্দিন আহ্‌মদ,140,120,
1264,যৌবন ও অন্যান্য জীবন,সৈয়দ শামসুল হক,150,129,1
1265,একান্ত,ইমদাদুল হক মিলন,75,65,2
1266,প্রিয় গুলশানা,রাবেয়া খাতুন,60,52,1
1267,"এসো, হাত ধরো",ইমদাদুল হক মিলন,220,189,2
1268,ছোট্ট কোথায় টেনিসবল,মারজুক রাসেল,50,43,7
1269,মন্ত্র,ফরিদ কবির,40,34,2
1270,কাব্যসমগ্র-৩,নির্মলেন্দু গুণ,350,301,
1271,মুঠোফোনের কাব্য সমগ্র,নির্মলেন্দু গুণ,120,103,1
1272,রচনাসমগ্র - ২,আনিসুজ্জামান,500,430,
1273,বিন্দু মামার খায়েশ,মুজতবা আহমেদ মুরশেদ,50,43,
1274,ভ্যাবলা ছেলে ক্যাবলাকান্ত,ওবায়দুল গনি চন্দন,50,43,
1275,জাতীয় সংসদ এবং আমি,আবদুল মান্নান,500,430,
1276,চোখের সাধারণ সমস্যা ১০০ প্রশ্ন ও উত্তর,ড. নজরুল ইসলাম,120,103,
1277,চশমা চোখে ছোট্ট বাবু,আনজীর লিটন,50,43,
1278,সাদা গাছের পাতা,আনজীর লিটন,75,65,
1279,যখন তখন,আনজীর লিটন,60,52,
1280,"মেঘ উড়ে যায়, কেখায়?",ধ্রুব এষ,50,43,
1281,ঘুপি বাঘা ফিরে গেলো,লুৎফর রহমান রিটন,40,34,
1282,টুইংকেল টুইংকেল লিটিল স্টার,লুৎফর রহমান রিটন,50,43,
1283,ছড়ায় ছড়ায় ২০০,ফয়েজ আহম্মদ,150,129,
1284,আকাশে-ওড়া মাটির ঘোড়া,মহাদেব সাহা,50,43,
1285,এই আমাদের সোনার বাংলা,সৈয়দ শামসুল হক,50,43,
1286,গল্প+পদ্য=গল্পদ্য,সৈয়দ শামসুল হক,50,43,
1287,নিজের একটি ঘর,আলম খোরশেদ,50,43,
1288,কষ্টগুলো উড়িয়ে দেব,ড. এ এস এম আতীকুর রহমান,130,112,
1289,আঁধারের শেষ ভালোবাসি,সৈয়দ হায়দার,50,43,
1290,অনিবার্য গৃহযুদ্ধ,তুষার দাশ,40,34,
1291,আগুনসুন্দরী,আশরাফ আহমদ,45,39,
1292,সেইসব মুখশ্রীর আলো ও আমার জীবনানন্দ,তুষার দাশ,150,129,
1293,শিশুর কুশল,ডা. সজল আশফাক,70,60,
1294,যেখানে রোগের ভয়,ডা. সজল আশফাক,150,129,
1295,সুখের দিনে অসুখ বিনে,ডা. সজল আশফাক,150,129,
1296,গৌরীপুর জংশন (জার্মান অনুবাদ),হুমায়ূন আহমেদ,100,86,5
1297,গৌরীপুর জংশন (হিন্দি অনুবাদ),হুমায়ূন আহমেদ,100,86,4
1298,বাংলাদেশের স্বাধীনতা যুদ্ধের আড়ালে যুদ্ধ,অধ্যাপক আবু সাইয়িদ,200,172,1
1299,অদ্বিতীয়া,ইমদাদুল হক মিলন,60,52,2
1300,উপন্যাস সমগ্র-১,ইমদাদুল হক মিলন,250,215,1
1301,বন্ধুয়া,ইমদাদুল হক মিলন,85,73,3
1302,ইবসেনের নারী,সেলিনা হোসেন,250,215,1
1303,জ্যোতির্ময়ী তোমাকে বলি,মঈনুল আহসান সাবের,50,43,1
1304,শ্রাবণ সন্ধ্যাটুকু,ইমদাদুল হক মিলন,5,4,1
1305,উপন্যাস সমগ্র-১,রাবেয়া খাতুন,350,301,1
1306,শঙ্খ সকাল প্রকৃতি,রাবেয়া খাতুন,150,129,1
1307,কথা ছিল,ইমদাদুল হক মিলন,120,103,2
1308,তুমিই,ইমদাদুল হক মিলন,90,77,1
1309,অপরবেলা,ইমদাদুল হক মিলন,125,108,1
1310,জ্যোৎস্নার বৃষ্টিতে একা,রওনক জাহান,60,52,
1311,অজবীথি,সৌমিত্র দেব,50,43,
1312,মায়াবি সুন্দরের শোকে,শাফিকুর রাহী,40,34,
1313,দূর নীলিমা,গোলাম ফারুক,120,103,1
1314,মেঘেলা রাতের তারা,গীতালি হাসান,50,43,1
1315,সোনার কঙ্কন,নাজমা তাশমীন,70,60,1
1316,স্তবগান সুন্দরের,হাসান হাফিজ,40,34,
1317,অন্তর্জাল,নির্মলেন্দু গুণ,110,95,
1318,চির অনাবৃতা হে নগ্নতমা,নির্মলেন্দু গুণ,60,52,1
1319,স্বপ্নে আকি সুন্দরের মুখ,মহাদেব সাহা,40,34,1
1320,সব দুঃখ ভুলে যাই প্রেমের গৌরবে,মহাদেব সাহা,50,43,1
1321,"কেন মোহে, কেনবা বিরহে",মহাদেব সাহা,50,43,1
1322,ছায়ামুখ,ইকবাল হাসান,50,43,1
1323,দহনলাগা তৃষ্ণা,আরিফ মঈনুদ্দীন,75,65,1
1324,দুধমুখা যেতে যেতে,আরিফ মঈনুদ্দিন,85,73,3
1325,সখি যাতনা কাহারে বলে,রেজানুর রহমান রেজা,55,47,1
1326,জোসনারাতে তিনটা মেয়ে,ইমদাদুল হক মিলন,80,69,1
1327,অর্ধেক ডুবেছি প্রেমে অর্ধেক আধারে,মহাদেব সাহা,60,52,
1328,অক্ষরে বোনা স্বপ্ন,মহাদেব সাহা,75,65,1
1329,প্রেম ও ভালোবাসার কবিতা,আল মাহমুদ,250,215,1
1330,বুকের লবণ চোখের ম্যাজিক,সৈয়দ শামসুল হক,50,43,1
1331,এক লক্ষ নক্ষত্রের নিচে,সৈয়দ শামসুল হক,70,60,1
1332,তবুও তোমাকে চাই,রেজানুর রহমান রেজা,60,52,1
1333,বিপরীত ছায়া,রেজানুর রহমান রেজা,50,43,1
1334,বলো তুমি কার,প্রণব ভট্ট,50,43,1
1335,দুঃসময়ের সঙ্গে হেটে যাই,মহাদেব সাহা,50,43,1
1336,দুঃখ কোনও শেষ কথা নয়,মহাদেব সাহা,50,43,
1337,ভালোবাসা কেন এত আলো অন্ধকারময়,মহাদেব সাহা,50,43,
1338,জোছনা রাতের কয়েকটি গল্প,তৌহিদুর রহমান,150,129,1
1339,সর্পরাজের যাদু,আনোয়ারা সৈয়দ হক,55,47,
1340,রাজনৈতিক সময়,বোরহানউদ্দিন খান জাহাঙ্গীর,70,60,1
1341,বেদনার লোনা জলে,বুলবুল সিনহা,120,103,1
1342,জটা বাবা,ডা. আনিস আহমেদ,100,86,1
1343,কিংবদন্তী,মুহাম্মদ তৌহীদ,200,172,1
1344,নির্বাচিত প্রবন্ধ,আনিসুজ্জামান,150,129,1
1345,নির্বাচিত প্রবন্ধ,বদরুদ্দীন উমর,250,215,1
1346,প্রভুর যত ইচ্ছা,সিরাজুল ইসলাম চৌধুরী,200,172,1
1347,সূর্য শিখর দিন,আরিফ মঈনুদ্দীন,200,172,
1348,বাংলা হঠাৎ অনেক দূর,নুরুল হোসাইন খান,80,69,
1349,বাংলাদেশের পা দুটো,সৈয়দ আল ফারুক,50,43,
1350,স্বপ্নের নাম সত্যি,সৈয়দ আল ফারুক,50,43,
1351,নির্মেঘ বৃষ্টি,সঞ্চারিনী,50,43,
1352,আমেন,সায়মন রিয়ান,50,43,
1353,তৃতীয় আকাশ,জায়েদ ফরিদ,40,34,
1354,১০১ টি গরুর মাংসের রান্না,মজহারুল ইসলাম,500,430,2
1355,অনুভব,ইমদাদুল হক মিলন,80,69,2
